================================================================================
SCROLL TRANSACTION TRACE: [SES-1790446807-783] on [TouchBridgeProbe]
Target: AXTextArea | Scrollbar: AXScrollBar (<AXUIElement 0x600000a719e0> {pid=16697})
Initial AXValue: 0.000 | Last Requested: 0.082
Value at UP: 0.082 | +35ms: 0.082 | +100ms: 0.082
Coalesced / Skipped writes: 0
Classification: [NORMAL_STABLE]
--------------------------------------------------------------------------------
Timestamp    | Phase        |  FingerY |   DeltaY |   ReqVal |  AXWrite | Readback
--------------------------------------------------------------------------------
01:20:07.724 | down         |    660.0 |     +0.0 |    0.000 |        - |    0.000
01:20:07.941 | pan-start    |    639.0 |    -21.0 |    0.000 |        - |    0.000
01:20:07.973 | pan-update   |    636.0 |    -24.0 |    0.044 |    0.044 |    0.044
01:20:08.005 | pan-update   |    633.0 |    -27.0 |    0.049 |    0.049 |    0.049
01:20:08.037 | pan-update   |    630.0 |    -30.0 |    0.055 |    0.055 |    0.055
01:20:08.069 | pan-update   |    627.0 |    -33.0 |    0.060 |    0.060 |    0.060
01:20:08.100 | pan-update   |    624.0 |    -36.0 |    0.065 |    0.065 |    0.065
01:20:08.131 | pan-update   |    621.0 |    -39.0 |    0.071 |    0.071 |    0.071
01:20:08.162 | pan-update   |    618.0 |    -42.0 |    0.076 |    0.076 |    0.076
01:20:08.193 | pan-update   |    615.0 |    -45.0 |    0.082 |    0.082 |    0.082
01:20:08.194 | up           |    615.0 |    -45.0 |    0.082 |        - |    0.082
01:20:08.194 | pan-end      |    615.0 |    -45.0 |    0.082 |        - |    0.082
01:20:08.230 | post-up-35ms |    615.0 |    -45.0 |    0.082 |        - |    0.082
================================================================================


================================================================================
SCROLL TRANSACTION TRACE: [SES-1790446808-451] on [TouchBridgeProbe]
Target: AXTextArea | Scrollbar: AXScrollBar (<AXUIElement 0x600000a71b00> {pid=16697})
Initial AXValue: 0.082 | Last Requested: 0.482
Value at UP: 0.482 | +35ms: 0.482 | +100ms: 0.482
Coalesced / Skipped writes: 0
Classification: [NORMAL_STABLE]
--------------------------------------------------------------------------------
Timestamp    | Phase        |  FingerY |   DeltaY |   ReqVal |  AXWrite | Readback
--------------------------------------------------------------------------------
01:20:08.608 | down         |    660.0 |     +0.0 |    0.082 |        - |    0.082
01:20:08.643 | pan-start    |    638.0 |    -22.0 |    0.082 |        - |    0.082
01:20:08.660 | pan-update   |    627.0 |    -33.0 |    0.142 |    0.142 |    0.142
01:20:08.677 | pan-update   |    616.0 |    -44.0 |    0.162 |    0.162 |    0.162
01:20:08.694 | pan-update   |    605.0 |    -55.0 |    0.182 |    0.182 |    0.182
01:20:08.712 | pan-update   |    594.0 |    -66.0 |    0.202 |    0.202 |    0.202
01:20:08.729 | pan-update   |    583.0 |    -77.0 |    0.222 |    0.222 |    0.222
01:20:08.746 | pan-update   |    572.0 |    -88.0 |    0.242 |    0.242 |    0.242
01:20:08.762 | pan-update   |    561.0 |    -99.0 |    0.262 |    0.262 |    0.262
01:20:08.779 | pan-update   |    550.0 |   -110.0 |    0.282 |    0.282 |    0.282
01:20:08.796 | pan-update   |    539.0 |   -121.0 |    0.302 |    0.302 |    0.302
01:20:08.812 | pan-update   |    528.0 |   -132.0 |    0.322 |    0.322 |    0.322
01:20:08.829 | pan-update   |    517.0 |   -143.0 |    0.342 |    0.342 |    0.342
01:20:08.846 | pan-update   |    506.0 |   -154.0 |    0.362 |    0.362 |    0.362
01:20:08.862 | pan-update   |    495.0 |   -165.0 |    0.382 |    0.382 |    0.382
01:20:08.879 | pan-update   |    484.0 |   -176.0 |    0.402 |    0.402 |    0.402
01:20:08.896 | pan-update   |    473.0 |   -187.0 |    0.422 |    0.422 |    0.422
01:20:08.912 | pan-update   |    462.0 |   -198.0 |    0.442 |    0.442 |    0.442
01:20:08.929 | pan-update   |    451.0 |   -209.0 |    0.462 |    0.462 |    0.462
01:20:08.946 | pan-update   |    440.0 |   -220.0 |    0.482 |    0.482 |    0.482
01:20:08.947 | up           |    440.0 |   -220.0 |    0.482 |        - |    0.482
01:20:08.947 | pan-end      |    440.0 |   -220.0 |    0.482 |        - |    0.482
01:20:08.982 | post-up-35ms |    440.0 |   -220.0 |    0.482 |        - |    0.482
================================================================================


================================================================================
SCROLL TRANSACTION TRACE: [SES-1790446809-878] on [TouchBridgeProbe]
Target: AXTextArea | Scrollbar: AXScrollBar (<AXUIElement 0x600000a81c80> {pid=16697})
Initial AXValue: 0.482 | Last Requested: 0.773
Value at UP: 0.773 | +35ms: 0.773 | +100ms: 0.773
Coalesced / Skipped writes: 1
Classification: [NORMAL_STABLE]
--------------------------------------------------------------------------------
Timestamp    | Phase        |  FingerY |   DeltaY |   ReqVal |  AXWrite | Readback
--------------------------------------------------------------------------------
01:20:09.360 | down         |    660.0 |     +0.0 |    0.482 |        - |    0.482
01:20:09.368 | pan-start    |    620.0 |    -40.0 |    0.482 |        - |    0.482
01:20:09.378 | pan-update   |    580.0 |    -80.0 |    0.627 |    0.627 |    0.627
01:20:09.396 | pan-update   |    500.0 |   -160.0 |    0.773 |    0.773 |    0.773
01:20:09.396 | up           |    500.0 |   -160.0 |    0.773 |        - |    0.773
01:20:09.396 | pan-end      |    500.0 |   -160.0 |    0.773 |        - |    0.773
01:20:09.432 | post-up-35ms |    500.0 |   -160.0 |    0.773 |        - |    0.773
================================================================================


================================================================================
SCROLL TRANSACTION TRACE: [SES-1790446809-276] on [TouchBridgeProbe]
Target: AXTextArea | Scrollbar: AXScrollBar (<AXUIElement 0x600000a82ca0> {pid=16697})
Initial AXValue: 0.773 | Last Requested: 0.955
Value at UP: 0.955 | +35ms: 0.955 | +100ms: 0.955
Coalesced / Skipped writes: 0
Classification: [NORMAL_STABLE]
--------------------------------------------------------------------------------
Timestamp    | Phase        |  FingerY |   DeltaY |   ReqVal |  AXWrite | Readback
--------------------------------------------------------------------------------
01:20:09.812 | down         |    660.0 |     +0.0 |    0.773 |        - |    0.773
01:20:09.853 | pan-start    |    640.0 |    -20.0 |    0.773 |        - |    0.773
01:20:09.874 | pan-update   |    630.0 |    -30.0 |    0.827 |    0.827 |    0.827
01:20:09.894 | pan-update   |    620.0 |    -40.0 |    0.845 |    0.845 |    0.845
01:20:09.916 | pan-update   |    610.0 |    -50.0 |    0.864 |    0.864 |    0.864
01:20:09.937 | pan-update   |    600.0 |    -60.0 |    0.882 |    0.882 |    0.882
01:20:09.958 | pan-update   |    590.0 |    -70.0 |    0.900 |    0.900 |    0.900
01:20:09.979 | pan-update   |    580.0 |    -80.0 |    0.918 |    0.918 |    0.918
01:20:10.000 | pan-update   |    570.0 |    -90.0 |    0.936 |    0.936 |    0.936
01:20:10.021 | pan-update   |    560.0 |   -100.0 |    0.955 |    0.955 |    0.955
01:20:10.376 | up           |    560.0 |   -100.0 |    0.955 |        - |    0.955
01:20:10.376 | pan-end      |    560.0 |   -100.0 |    0.955 |        - |    0.955
01:20:10.413 | post-up-35ms |    560.0 |   -100.0 |    0.955 |        - |    0.955
================================================================================


================================================================================
SCROLL TRANSACTION TRACE: [SES-1790446810-736] on [TouchBridgeProbe]
Target: AXTextArea | Scrollbar: AXScrollBar (<AXUIElement 0x600000a96d30> {pid=16697})
Initial AXValue: 0.955 | Last Requested: 1.000
Value at UP: 1.000 | +35ms: 1.000 | +100ms: 1.000
Coalesced / Skipped writes: 5
Classification: [NORMAL_STABLE]
--------------------------------------------------------------------------------
Timestamp    | Phase        |  FingerY |   DeltaY |   ReqVal |  AXWrite | Readback
--------------------------------------------------------------------------------
01:20:10.791 | down         |    660.0 |     +0.0 |    0.955 |        - |    0.955
01:20:10.826 | pan-start    |    640.0 |    -20.0 |    0.955 |        - |    0.955
01:20:10.842 | pan-update   |    630.0 |    -30.0 |    1.000 |    1.000 |    1.000
01:20:10.927 | up           |    580.0 |    -80.0 |    1.000 |        - |    1.000
01:20:10.927 | pan-end      |    580.0 |    -80.0 |    1.000 |        - |    1.000
01:20:10.962 | post-up-35ms |    580.0 |    -80.0 |    1.000 |        - |    1.000
================================================================================


================================================================================
SCROLL TRANSACTION TRACE: [SES-1790446811-839] on [TouchBridgeProbe]
Target: AXTextArea | Scrollbar: AXScrollBar (<AXUIElement 0x600000a80f60> {pid=16697})
Initial AXValue: 1.000 | Last Requested: 1.000
Value at UP: 1.000 | +35ms: 1.000 | +100ms: 1.000
Coalesced / Skipped writes: 6
Classification: [NORMAL_STABLE]
--------------------------------------------------------------------------------
Timestamp    | Phase        |  FingerY |   DeltaY |   ReqVal |  AXWrite | Readback
--------------------------------------------------------------------------------
01:20:11.237 | down         |    660.0 |     +0.0 |    1.000 |        - |    1.000
01:20:11.269 | pan-start    |    640.0 |    -20.0 |    1.000 |        - |    1.000
01:20:11.371 | up           |    580.0 |    -80.0 |    1.000 |        - |    1.000
01:20:11.371 | pan-end      |    580.0 |    -80.0 |    1.000 |        - |    1.000
01:20:11.408 | post-up-35ms |    580.0 |    -80.0 |    1.000 |        - |    1.000
================================================================================


================================================================================
SCROLL TRANSACTION TRACE: [SES-1790446811-282] on [TouchBridgeProbe]
Target: AXTextArea | Scrollbar: AXScrollBar (<AXUIElement 0x600000a820d0> {pid=16697})
Initial AXValue: 1.000 | Last Requested: 1.000
Value at UP: 1.000 | +35ms: 1.000 | +100ms: 1.000
Coalesced / Skipped writes: 8
Classification: [NORMAL_STABLE]
--------------------------------------------------------------------------------
Timestamp    | Phase        |  FingerY |   DeltaY |   ReqVal |  AXWrite | Readback
--------------------------------------------------------------------------------
01:20:11.793 | down         |    660.0 |     +0.0 |    1.000 |        - |    1.000
01:20:11.827 | pan-start    |    636.0 |    -24.0 |    1.000 |        - |    1.000
01:20:11.961 | up           |    540.0 |   -120.0 |    1.000 |        - |    1.000
01:20:11.961 | pan-end      |    540.0 |   -120.0 |    1.000 |        - |    1.000
01:20:11.997 | post-up-35ms |    540.0 |   -120.0 |    1.000 |        - |    1.000
================================================================================


================================================================================
SCROLL TRANSACTION TRACE: [SES-1790446812-433] on [TouchBridgeProbe]
Target: AXTextArea | Scrollbar: AXScrollBar (<AXUIElement 0x600000a8fb10> {pid=16697})
Initial AXValue: 1.000 | Last Requested: 0.782
Value at UP: 0.782 | +35ms: 0.782 | +100ms: 0.782
Coalesced / Skipped writes: 0
Classification: [NORMAL_STABLE]
--------------------------------------------------------------------------------
Timestamp    | Phase        |  FingerY |   DeltaY |   ReqVal |  AXWrite | Readback
--------------------------------------------------------------------------------
01:20:12.277 | down         |    660.0 |     +0.0 |    1.000 |        - |    1.000
01:20:12.311 | pan-start    |    684.0 |    +24.0 |    1.000 |        - |    1.000
01:20:12.329 | pan-update   |    696.0 |    +36.0 |    0.935 |    0.935 |    0.935
01:20:12.346 | pan-update   |    708.0 |    +48.0 |    0.913 |    0.913 |    0.913
01:20:12.363 | pan-update   |    720.0 |    +60.0 |    0.891 |    0.891 |    0.891
01:20:12.379 | pan-update   |    732.0 |    +72.0 |    0.869 |    0.869 |    0.869
01:20:12.396 | pan-update   |    744.0 |    +84.0 |    0.847 |    0.847 |    0.847
01:20:12.412 | pan-update   |    756.0 |    +96.0 |    0.825 |    0.825 |    0.825
01:20:12.429 | pan-update   |    768.0 |   +108.0 |    0.804 |    0.804 |    0.804
01:20:12.446 | pan-update   |    780.0 |   +120.0 |    0.782 |    0.782 |    0.782
01:20:12.446 | up           |    780.0 |   +120.0 |    0.782 |        - |    0.782
01:20:12.446 | pan-end      |    780.0 |   +120.0 |    0.782 |        - |    0.782
01:20:12.483 | post-up-35ms |    780.0 |   +120.0 |    0.782 |        - |    0.782
================================================================================


================================================================================
SCROLL TRANSACTION TRACE: [SES-1790446814-819] on [TouchBridgeProbe]
Target: AXScrollArea | Scrollbar: AXScrollBar (<AXUIElement 0x600000a7cc00> {pid=16697})
Initial AXValue: 1.000 | Last Requested: 1.000
Value at UP: 1.000 | +35ms: 1.000 | +100ms: 1.000
Coalesced / Skipped writes: 8
Classification: [NORMAL_STABLE]
--------------------------------------------------------------------------------
Timestamp    | Phase        |  FingerY |   DeltaY |   ReqVal |  AXWrite | Readback
--------------------------------------------------------------------------------
01:20:14.344 | down         |    660.0 |     +0.0 |    1.000 |        - |    1.000
01:20:14.561 | pan-start    |    639.0 |    -21.0 |    1.000 |        - |    1.000
01:20:14.809 | up           |    615.0 |    -45.0 |    1.000 |        - |    1.000
01:20:14.810 | pan-end      |    615.0 |    -45.0 |    1.000 |        - |    1.000
01:20:14.847 | post-up-35ms |    615.0 |    -45.0 |    1.000 |        - |    1.000
================================================================================


================================================================================
SCROLL TRANSACTION TRACE: [SES-1790446815-531] on [TouchBridgeProbe]
Target: AXScrollArea | Scrollbar: AXScrollBar (<AXUIElement 0x600000a8fcc0> {pid=16697})
Initial AXValue: 1.000 | Last Requested: 1.000
Value at UP: 1.000 | +35ms: 1.000 | +100ms: 1.000
Coalesced / Skipped writes: 18
Classification: [NORMAL_STABLE]
--------------------------------------------------------------------------------
Timestamp    | Phase        |  FingerY |   DeltaY |   ReqVal |  AXWrite | Readback
--------------------------------------------------------------------------------
01:20:15.227 | down         |    660.0 |     +0.0 |    1.000 |        - |    1.000
01:20:15.261 | pan-start    |    638.0 |    -22.0 |    1.000 |        - |    1.000
01:20:15.563 | up           |    440.0 |   -220.0 |    1.000 |        - |    1.000
01:20:15.563 | pan-end      |    440.0 |   -220.0 |    1.000 |        - |    1.000
01:20:15.600 | post-up-35ms |    440.0 |   -220.0 |    1.000 |        - |    1.000
================================================================================


================================================================================
SCROLL TRANSACTION TRACE: [SES-1790446815-795] on [TouchBridgeProbe]
Target: AXScrollArea | Scrollbar: AXScrollBar (<AXUIElement 0x600000a71e30> {pid=16697})
Initial AXValue: 1.000 | Last Requested: 1.000
Value at UP: 1.000 | +35ms: 1.000 | +100ms: 1.000
Coalesced / Skipped writes: 3
Classification: [NORMAL_STABLE]
--------------------------------------------------------------------------------
Timestamp    | Phase        |  FingerY |   DeltaY |   ReqVal |  AXWrite | Readback
--------------------------------------------------------------------------------
01:20:15.976 | down         |    660.0 |     +0.0 |    1.000 |        - |    1.000
01:20:15.985 | pan-start    |    620.0 |    -40.0 |    1.000 |        - |    1.000
01:20:16.012 | up           |    500.0 |   -160.0 |    1.000 |        - |    1.000
01:20:16.012 | pan-end      |    500.0 |   -160.0 |    1.000 |        - |    1.000
01:20:16.049 | post-up-35ms |    500.0 |   -160.0 |    1.000 |        - |    1.000
================================================================================


================================================================================
SCROLL TRANSACTION TRACE: [SES-1790446816-975] on [TouchBridgeProbe]
Target: AXScrollArea | Scrollbar: AXScrollBar (<AXUIElement 0x600000aabea0> {pid=16697})
Initial AXValue: 1.000 | Last Requested: 1.000
Value at UP: 1.000 | +35ms: 1.000 | +100ms: 1.000
Coalesced / Skipped writes: 8
Classification: [NORMAL_STABLE]
--------------------------------------------------------------------------------
Timestamp    | Phase        |  FingerY |   DeltaY |   ReqVal |  AXWrite | Readback
--------------------------------------------------------------------------------
01:20:16.427 | down         |    660.0 |     +0.0 |    1.000 |        - |    1.000
01:20:16.468 | pan-start    |    640.0 |    -20.0 |    1.000 |        - |    1.000
01:20:16.988 | up           |    560.0 |   -100.0 |    1.000 |        - |    1.000
01:20:16.988 | pan-end      |    560.0 |   -100.0 |    1.000 |        - |    1.000
01:20:17.024 | post-up-35ms |    560.0 |   -100.0 |    1.000 |        - |    1.000
================================================================================


================================================================================
SCROLL TRANSACTION TRACE: [SES-1790446817-611] on [TouchBridgeProbe]
Target: AXScrollArea | Scrollbar: AXScrollBar (<AXUIElement 0x600000a71aa0> {pid=16697})
Initial AXValue: 1.000 | Last Requested: 1.000
Value at UP: 1.000 | +35ms: 1.000 | +100ms: 1.000
Coalesced / Skipped writes: 6
Classification: [NORMAL_STABLE]
--------------------------------------------------------------------------------
Timestamp    | Phase        |  FingerY |   DeltaY |   ReqVal |  AXWrite | Readback
--------------------------------------------------------------------------------
01:20:17.406 | down         |    660.0 |     +0.0 |    1.000 |        - |    1.000
01:20:17.439 | pan-start    |    640.0 |    -20.0 |    1.000 |        - |    1.000
01:20:17.541 | up           |    580.0 |    -80.0 |    1.000 |        - |    1.000
01:20:17.541 | pan-end      |    580.0 |    -80.0 |    1.000 |        - |    1.000
01:20:17.578 | post-up-35ms |    580.0 |    -80.0 |    1.000 |        - |    1.000
================================================================================


================================================================================
SCROLL TRANSACTION TRACE: [SES-1790446817-335] on [TouchBridgeProbe]
Target: AXScrollArea | Scrollbar: AXScrollBar (<AXUIElement 0x600000a8f9c0> {pid=16697})
Initial AXValue: 1.000 | Last Requested: 1.000
Value at UP: 1.000 | +35ms: 1.000 | +100ms: 1.000
Coalesced / Skipped writes: 6
Classification: [NORMAL_STABLE]
--------------------------------------------------------------------------------
Timestamp    | Phase        |  FingerY |   DeltaY |   ReqVal |  AXWrite | Readback
--------------------------------------------------------------------------------
01:20:17.854 | down         |    660.0 |     +0.0 |    1.000 |        - |    1.000
01:20:17.887 | pan-start    |    640.0 |    -20.0 |    1.000 |        - |    1.000
01:20:17.988 | up           |    580.0 |    -80.0 |    1.000 |        - |    1.000
01:20:17.988 | pan-end      |    580.0 |    -80.0 |    1.000 |        - |    1.000
01:20:18.025 | post-up-35ms |    580.0 |    -80.0 |    1.000 |        - |    1.000
================================================================================


================================================================================
SCROLL TRANSACTION TRACE: [SES-1790446818-721] on [TouchBridgeProbe]
Target: AXScrollArea | Scrollbar: AXScrollBar (<AXUIElement 0x600000a837e0> {pid=16697})
Initial AXValue: 1.000 | Last Requested: 1.000
Value at UP: 1.000 | +35ms: 1.000 | +100ms: 1.000
Coalesced / Skipped writes: 8
Classification: [NORMAL_STABLE]
--------------------------------------------------------------------------------
Timestamp    | Phase        |  FingerY |   DeltaY |   ReqVal |  AXWrite | Readback
--------------------------------------------------------------------------------
01:20:18.409 | down         |    660.0 |     +0.0 |    1.000 |        - |    1.000
01:20:18.444 | pan-start    |    636.0 |    -24.0 |    1.000 |        - |    1.000
01:20:18.577 | up           |    540.0 |   -120.0 |    1.000 |        - |    1.000
01:20:18.577 | pan-end      |    540.0 |   -120.0 |    1.000 |        - |    1.000
01:20:18.614 | post-up-35ms |    540.0 |   -120.0 |    1.000 |        - |    1.000
================================================================================


================================================================================
SCROLL TRANSACTION TRACE: [SES-1790446818-910] on [TouchBridgeProbe]
Target: AXScrollArea | Scrollbar: AXScrollBar (<AXUIElement 0x600000a7d260> {pid=16697})
Initial AXValue: 1.000 | Last Requested: 0.819
Value at UP: 0.819 | +35ms: 0.819 | +100ms: 0.819
Coalesced / Skipped writes: 0
Classification: [NORMAL_STABLE]
--------------------------------------------------------------------------------
Timestamp    | Phase        |  FingerY |   DeltaY |   ReqVal |  AXWrite | Readback
--------------------------------------------------------------------------------
01:20:18.890 | down         |    660.0 |     +0.0 |    1.000 |        - |    1.000
01:20:18.924 | pan-start    |    684.0 |    +24.0 |    1.000 |        - |    1.000
01:20:18.943 | pan-update   |    696.0 |    +36.0 |    0.946 |    0.946 |    0.946
01:20:18.960 | pan-update   |    708.0 |    +48.0 |    0.927 |    0.927 |    0.927
01:20:18.978 | pan-update   |    720.0 |    +60.0 |    0.909 |    0.909 |    0.909
01:20:18.995 | pan-update   |    732.0 |    +72.0 |    0.891 |    0.891 |    0.891
01:20:19.011 | pan-update   |    744.0 |    +84.0 |    0.873 |    0.873 |    0.873
01:20:19.028 | pan-update   |    756.0 |    +96.0 |    0.855 |    0.855 |    0.855
01:20:19.045 | pan-update   |    768.0 |   +108.0 |    0.837 |    0.837 |    0.837
01:20:19.061 | pan-update   |    780.0 |   +120.0 |    0.819 |    0.819 |    0.819
01:20:19.062 | up           |    780.0 |   +120.0 |    0.819 |        - |    0.819
01:20:19.062 | pan-end      |    780.0 |   +120.0 |    0.819 |        - |    0.819
01:20:19.097 | post-up-35ms |    780.0 |   +120.0 |    0.819 |        - |    0.819
================================================================================


================================================================================
SCROLL TRANSACTION TRACE: [SES-1790446821-681] on [Finder]
Target: AXCell | Scrollbar: AXScrollBar (<AXUIElement 0x600000a8fe10> {pid=511})
Initial AXValue: 0.806 | Last Requested: 0.879
Value at UP: 0.879 | +35ms: 0.879 | +100ms: 0.879
Coalesced / Skipped writes: 0
Classification: [NORMAL_STABLE]
--------------------------------------------------------------------------------
Timestamp    | Phase        |  FingerY |   DeltaY |   ReqVal |  AXWrite | Readback
--------------------------------------------------------------------------------
01:20:21.937 | down         |    560.0 |     +0.0 |    0.806 |        - |    0.806
01:20:22.155 | pan-start    |    539.0 |    -21.0 |    0.806 |        - |    0.806
01:20:22.199 | pan-update   |    536.0 |    -24.0 |    0.845 |    0.845 |    0.845
01:20:22.236 | pan-update   |    533.0 |    -27.0 |    0.850 |    0.850 |    0.850
01:20:22.276 | pan-update   |    530.0 |    -30.0 |    0.855 |    0.855 |    0.855
01:20:22.316 | pan-update   |    527.0 |    -33.0 |    0.860 |    0.860 |    0.860
01:20:22.355 | pan-update   |    524.0 |    -36.0 |    0.865 |    0.865 |    0.865
01:20:22.395 | pan-update   |    521.0 |    -39.0 |    0.869 |    0.869 |    0.869
01:20:22.434 | pan-update   |    518.0 |    -42.0 |    0.874 |    0.874 |    0.874
01:20:22.474 | pan-update   |    515.0 |    -45.0 |    0.879 |    0.879 |    0.879
01:20:22.474 | up           |    515.0 |    -45.0 |    0.879 |        - |    0.879
01:20:22.475 | pan-end      |    515.0 |    -45.0 |    0.879 |        - |    0.879
01:20:22.510 | post-up-35ms |    515.0 |    -45.0 |    0.879 |        - |    0.879
================================================================================


================================================================================
SCROLL TRANSACTION TRACE: [SES-1790446822-228] on [Finder]
Target: AXCell | Scrollbar: AXScrollBar (<AXUIElement 0x600000a7cc00> {pid=511})
Initial AXValue: 0.879 | Last Requested: 1.000
Value at UP: 1.000 | +35ms: 1.000 | +100ms: 1.000
Coalesced / Skipped writes: 13
Classification: [NORMAL_STABLE]
--------------------------------------------------------------------------------
Timestamp    | Phase        |  FingerY |   DeltaY |   ReqVal |  AXWrite | Readback
--------------------------------------------------------------------------------
01:20:22.901 | down         |    560.0 |     +0.0 |    0.879 |        - |    0.879
01:20:22.935 | pan-start    |    538.0 |    -22.0 |    0.879 |        - |    0.879
01:20:22.957 | pan-update   |    527.0 |    -33.0 |    0.933 |    0.933 |    0.933
01:20:22.981 | pan-update   |    516.0 |    -44.0 |    0.951 |    0.951 |    0.951
01:20:23.005 | pan-update   |    505.0 |    -55.0 |    0.969 |    0.969 |    0.969
01:20:23.029 | pan-update   |    494.0 |    -66.0 |    0.987 |    0.987 |    0.987
01:20:23.052 | pan-update   |    483.0 |    -77.0 |    1.000 |    1.000 |    1.000
01:20:23.268 | up           |    340.0 |   -220.0 |    1.000 |        - |    1.000
01:20:23.268 | pan-end      |    340.0 |   -220.0 |    1.000 |        - |    1.000
01:20:23.305 | post-up-35ms |    340.0 |   -220.0 |    1.000 |        - |    1.000
================================================================================


================================================================================
SCROLL TRANSACTION TRACE: [SES-1790446823-962] on [Finder]
Target: AXCell | Scrollbar: AXScrollBar (<AXUIElement 0x600000a823d0> {pid=511})
Initial AXValue: 1.000 | Last Requested: 1.000
Value at UP: 1.000 | +35ms: 1.000 | +100ms: 1.000
Coalesced / Skipped writes: 3
Classification: [NORMAL_STABLE]
--------------------------------------------------------------------------------
Timestamp    | Phase        |  FingerY |   DeltaY |   ReqVal |  AXWrite | Readback
--------------------------------------------------------------------------------
01:20:23.701 | down         |    560.0 |     +0.0 |    1.000 |        - |    1.000
01:20:23.709 | pan-start    |    520.0 |    -40.0 |    1.000 |        - |    1.000
01:20:23.735 | up           |    400.0 |   -160.0 |    1.000 |        - |    1.000
01:20:23.735 | pan-end      |    400.0 |   -160.0 |    1.000 |        - |    1.000
01:20:23.772 | post-up-35ms |    400.0 |   -160.0 |    1.000 |        - |    1.000
================================================================================


================================================================================
SCROLL TRANSACTION TRACE: [SES-1790446824-624] on [Finder]
Target: AXCell | Scrollbar: AXScrollBar (<AXUIElement 0x600000a74870> {pid=511})
Initial AXValue: 1.000 | Last Requested: 1.000
Value at UP: 1.000 | +35ms: 1.000 | +100ms: 1.000
Coalesced / Skipped writes: 8
Classification: [NORMAL_STABLE]
--------------------------------------------------------------------------------
Timestamp    | Phase        |  FingerY |   DeltaY |   ReqVal |  AXWrite | Readback
--------------------------------------------------------------------------------
01:20:24.163 | down         |    560.0 |     +0.0 |    1.000 |        - |    1.000
01:20:24.205 | pan-start    |    540.0 |    -20.0 |    1.000 |        - |    1.000
01:20:24.738 | up           |    460.0 |   -100.0 |    1.000 |        - |    1.000
01:20:24.738 | pan-end      |    460.0 |   -100.0 |    1.000 |        - |    1.000
01:20:24.775 | post-up-35ms |    460.0 |   -100.0 |    1.000 |        - |    1.000
================================================================================


================================================================================
SCROLL TRANSACTION TRACE: [SES-1790446825-241] on [Finder]
Target: AXCell | Scrollbar: AXScrollBar (<AXUIElement 0x600000a95ce0> {pid=511})
Initial AXValue: 1.000 | Last Requested: 1.000
Value at UP: 1.000 | +35ms: 1.000 | +100ms: 1.000
Coalesced / Skipped writes: 6
Classification: [NORMAL_STABLE]
--------------------------------------------------------------------------------
Timestamp    | Phase        |  FingerY |   DeltaY |   ReqVal |  AXWrite | Readback
--------------------------------------------------------------------------------
01:20:25.172 | down         |    560.0 |     +0.0 |    1.000 |        - |    1.000
01:20:25.205 | pan-start    |    540.0 |    -20.0 |    1.000 |        - |    1.000
01:20:25.307 | up           |    480.0 |    -80.0 |    1.000 |        - |    1.000
01:20:25.308 | pan-end      |    480.0 |    -80.0 |    1.000 |        - |    1.000
01:20:25.343 | post-up-35ms |    480.0 |    -80.0 |    1.000 |        - |    1.000
================================================================================


================================================================================
SCROLL TRANSACTION TRACE: [SES-1790446825-359] on [Finder]
Target: AXCell | Scrollbar: AXScrollBar (<AXUIElement 0x600000a7d380> {pid=511})
Initial AXValue: 1.000 | Last Requested: 1.000
Value at UP: 1.000 | +35ms: 1.000 | +100ms: 1.000
Coalesced / Skipped writes: 6
Classification: [NORMAL_STABLE]
--------------------------------------------------------------------------------
Timestamp    | Phase        |  FingerY |   DeltaY |   ReqVal |  AXWrite | Readback
--------------------------------------------------------------------------------
01:20:25.633 | down         |    560.0 |     +0.0 |    1.000 |        - |    1.000
01:20:25.667 | pan-start    |    540.0 |    -20.0 |    1.000 |        - |    1.000
01:20:25.768 | up           |    480.0 |    -80.0 |    1.000 |        - |    1.000
01:20:25.768 | pan-end      |    480.0 |    -80.0 |    1.000 |        - |    1.000
01:20:25.803 | post-up-35ms |    480.0 |    -80.0 |    1.000 |        - |    1.000
================================================================================


================================================================================
SCROLL TRANSACTION TRACE: [SES-1790446826-629] on [Finder]
Target: AXCell | Scrollbar: AXScrollBar (<AXUIElement 0x600000a7cdb0> {pid=511})
Initial AXValue: 1.000 | Last Requested: 1.000
Value at UP: 1.000 | +35ms: 1.000 | +100ms: 1.000
Coalesced / Skipped writes: 8
Classification: [NORMAL_STABLE]
--------------------------------------------------------------------------------
Timestamp    | Phase        |  FingerY |   DeltaY |   ReqVal |  AXWrite | Readback
--------------------------------------------------------------------------------
01:20:26.199 | down         |    560.0 |     +0.0 |    1.000 |        - |    1.000
01:20:26.233 | pan-start    |    536.0 |    -24.0 |    1.000 |        - |    1.000
01:20:26.368 | up           |    440.0 |   -120.0 |    1.000 |        - |    1.000
01:20:26.369 | pan-end      |    440.0 |   -120.0 |    1.000 |        - |    1.000
01:20:26.406 | post-up-35ms |    440.0 |   -120.0 |    1.000 |        - |    1.000
================================================================================


================================================================================
SCROLL TRANSACTION TRACE: [SES-1790446826-692] on [Finder]
Target: AXCell | Scrollbar: AXScrollBar (<AXUIElement 0x600000a7a6a0> {pid=511})
Initial AXValue: 1.000 | Last Requested: 0.804
Value at UP: 0.804 | +35ms: 0.804 | +100ms: 0.804
Coalesced / Skipped writes: 0
Classification: [NORMAL_STABLE]
--------------------------------------------------------------------------------
Timestamp    | Phase        |  FingerY |   DeltaY |   ReqVal |  AXWrite | Readback
--------------------------------------------------------------------------------
01:20:26.699 | down         |    560.0 |     +0.0 |    1.000 |        - |    1.000
01:20:26.734 | pan-start    |    584.0 |    +24.0 |    1.000 |        - |    1.000
01:20:26.761 | pan-update   |    596.0 |    +36.0 |    0.941 |    0.941 |    0.941
01:20:26.784 | pan-update   |    608.0 |    +48.0 |    0.922 |    0.922 |    0.922
01:20:26.806 | pan-update   |    620.0 |    +60.0 |    0.902 |    0.902 |    0.902
01:20:26.830 | pan-update   |    632.0 |    +72.0 |    0.882 |    0.882 |    0.882
01:20:26.856 | pan-update   |    644.0 |    +84.0 |    0.863 |    0.863 |    0.863
01:20:26.881 | pan-update   |    656.0 |    +96.0 |    0.843 |    0.843 |    0.843
01:20:26.904 | pan-update   |    668.0 |   +108.0 |    0.824 |    0.824 |    0.824
01:20:26.929 | pan-update   |    680.0 |   +120.0 |    0.804 |    0.804 |    0.804
01:20:26.929 | up           |    680.0 |   +120.0 |    0.804 |        - |    0.804
01:20:26.929 | pan-end      |    680.0 |   +120.0 |    0.804 |        - |    0.804
01:20:26.966 | post-up-35ms |    680.0 |   +120.0 |    0.804 |        - |    0.804
================================================================================


================================================================================
SCROLL TRANSACTION TRACE: [SES-1790446829-354] on [TextEdit]
Target: AXTextArea | Scrollbar: AXScrollBar (<AXUIElement 0x600000a81710> {pid=11843})
Initial AXValue: 0.000 | Last Requested: 0.065
Value at UP: 0.065 | +35ms: 0.065 | +100ms: 0.065
Coalesced / Skipped writes: 0
Classification: [NORMAL_STABLE]
--------------------------------------------------------------------------------
Timestamp    | Phase        |  FingerY |   DeltaY |   ReqVal |  AXWrite | Readback
--------------------------------------------------------------------------------
01:20:29.740 | down         |    560.0 |     +0.0 |    0.000 |        - |    0.000
01:20:29.959 | pan-start    |    539.0 |    -21.0 |    0.000 |        - |    0.000
01:20:30.000 | pan-update   |    536.0 |    -24.0 |    0.035 |    0.035 |    0.036
01:20:30.038 | pan-update   |    533.0 |    -27.0 |    0.039 |    0.039 |    0.039
01:20:30.075 | pan-update   |    530.0 |    -30.0 |    0.043 |    0.043 |    0.043
01:20:30.113 | pan-update   |    527.0 |    -33.0 |    0.048 |    0.048 |    0.048
01:20:30.151 | pan-update   |    524.0 |    -36.0 |    0.052 |    0.052 |    0.052
01:20:30.189 | pan-update   |    521.0 |    -39.0 |    0.056 |    0.056 |    0.057
01:20:30.226 | pan-update   |    518.0 |    -42.0 |    0.061 |    0.061 |    0.061
01:20:30.262 | pan-update   |    515.0 |    -45.0 |    0.065 |    0.065 |    0.065
01:20:30.262 | up           |    515.0 |    -45.0 |    0.065 |        - |    0.065
01:20:30.262 | pan-end      |    515.0 |    -45.0 |    0.065 |        - |    0.065
01:20:30.300 | post-up-35ms |    515.0 |    -45.0 |    0.065 |        - |    0.065
================================================================================


================================================================================
SCROLL TRANSACTION TRACE: [SES-1790446830-508] on [TextEdit]
Target: AXTextArea | Scrollbar: AXScrollBar (<AXUIElement 0x600000a7ae50> {pid=11843})
Initial AXValue: 0.065 | Last Requested: 0.383
Value at UP: 0.383 | +35ms: 0.389 | +100ms: 0.389
Coalesced / Skipped writes: 0
Classification: [NORMAL_STABLE]
--------------------------------------------------------------------------------
Timestamp    | Phase        |  FingerY |   DeltaY |   ReqVal |  AXWrite | Readback
--------------------------------------------------------------------------------
01:20:30.688 | down         |    560.0 |     +0.0 |    0.065 |        - |    0.065
01:20:30.722 | pan-start    |    538.0 |    -22.0 |    0.065 |        - |    0.065
01:20:30.749 | pan-update   |    527.0 |    -33.0 |    0.113 |    0.113 |    0.119
01:20:30.766 | pan-update   |    516.0 |    -44.0 |    0.129 |    0.129 |    0.129
01:20:30.783 | pan-update   |    505.0 |    -55.0 |    0.145 |    0.145 |    0.145
01:20:30.801 | pan-update   |    494.0 |    -66.0 |    0.161 |    0.161 |    0.161
01:20:30.818 | pan-update   |    483.0 |    -77.0 |    0.177 |    0.177 |    0.177
01:20:30.836 | pan-update   |    472.0 |    -88.0 |    0.193 |    0.193 |    0.193
01:20:30.854 | pan-update   |    461.0 |    -99.0 |    0.209 |    0.209 |    0.209
01:20:30.872 | pan-update   |    450.0 |   -110.0 |    0.224 |    0.224 |    0.224
01:20:30.890 | pan-update   |    439.0 |   -121.0 |    0.240 |    0.240 |    0.240
01:20:30.907 | pan-update   |    428.0 |   -132.0 |    0.256 |    0.256 |    0.256
01:20:30.930 | pan-update   |    417.0 |   -143.0 |    0.272 |    0.272 |    0.276
01:20:30.947 | pan-update   |    406.0 |   -154.0 |    0.288 |    0.288 |    0.288
01:20:30.965 | pan-update   |    395.0 |   -165.0 |    0.304 |    0.304 |    0.304
01:20:30.983 | pan-update   |    384.0 |   -176.0 |    0.320 |    0.320 |    0.320
01:20:31.000 | pan-update   |    373.0 |   -187.0 |    0.336 |    0.336 |    0.336
01:20:31.018 | pan-update   |    362.0 |   -198.0 |    0.352 |    0.352 |    0.352
01:20:31.035 | pan-update   |    351.0 |   -209.0 |    0.368 |    0.368 |    0.368
01:20:31.053 | pan-update   |    340.0 |   -220.0 |    0.383 |    0.383 |    0.383
01:20:31.053 | up           |    340.0 |   -220.0 |    0.383 |        - |    0.383
01:20:31.054 | pan-end      |    340.0 |   -220.0 |    0.383 |        - |    0.383
01:20:31.090 | post-up-35ms |    340.0 |   -220.0 |    0.383 |        - |    0.389
================================================================================


================================================================================
SCROLL TRANSACTION TRACE: [SES-1790446831-760] on [TextEdit]
Target: AXTextArea | Scrollbar: AXScrollBar (<AXUIElement 0x600000a7b510> {pid=11843})
Initial AXValue: 0.389 | Last Requested: 0.620
Value at UP: 0.620 | +35ms: 0.655 | +100ms: 0.655
Coalesced / Skipped writes: 1
Classification: [NORMAL_STABLE]
--------------------------------------------------------------------------------
Timestamp    | Phase        |  FingerY |   DeltaY |   ReqVal |  AXWrite | Readback
--------------------------------------------------------------------------------
01:20:31.480 | down         |    560.0 |     +0.0 |    0.389 |        - |    0.389
01:20:31.489 | pan-start    |    520.0 |    -40.0 |    0.389 |        - |    0.389
01:20:31.512 | pan-update   |    480.0 |    -80.0 |    0.504 |    0.504 |    0.569
01:20:31.530 | pan-update   |    400.0 |   -160.0 |    0.620 |    0.620 |    0.620
01:20:31.530 | up           |    400.0 |   -160.0 |    0.620 |        - |    0.620
01:20:31.530 | pan-end      |    400.0 |   -160.0 |    0.620 |        - |    0.620
01:20:31.566 | post-up-35ms |    400.0 |   -160.0 |    0.620 |        - |    0.655
================================================================================


================================================================================
SCROLL TRANSACTION TRACE: [SES-1790446831-733] on [TextEdit]
Target: AXTextArea | Scrollbar: AXScrollBar (<AXUIElement 0x600000af63d0> {pid=11843})
Initial AXValue: 0.655 | Last Requested: 0.800
Value at UP: 0.805 | +35ms: 0.805 | +100ms: 0.805
Coalesced / Skipped writes: 0
Classification: [NORMAL_STABLE]
--------------------------------------------------------------------------------
Timestamp    | Phase        |  FingerY |   DeltaY |   ReqVal |  AXWrite | Readback
--------------------------------------------------------------------------------
01:20:31.951 | down         |    560.0 |     +0.0 |    0.655 |        - |    0.655
01:20:31.993 | pan-start    |    540.0 |    -20.0 |    0.655 |        - |    0.655
01:20:32.021 | pan-update   |    530.0 |    -30.0 |    0.698 |    0.698 |    0.731
01:20:32.046 | pan-update   |    520.0 |    -40.0 |    0.713 |    0.713 |    0.713
01:20:32.071 | pan-update   |    510.0 |    -50.0 |    0.727 |    0.727 |    0.727
01:20:32.097 | pan-update   |    500.0 |    -60.0 |    0.742 |    0.742 |    0.750
01:20:32.119 | pan-update   |    490.0 |    -70.0 |    0.756 |    0.756 |    0.756
01:20:32.145 | pan-update   |    480.0 |    -80.0 |    0.771 |    0.771 |    0.775
01:20:32.166 | pan-update   |    470.0 |    -90.0 |    0.785 |    0.785 |    0.785
01:20:32.188 | pan-update   |    460.0 |   -100.0 |    0.800 |    0.800 |    0.800
01:20:32.556 | up           |    460.0 |   -100.0 |    0.800 |        - |    0.805
01:20:32.556 | pan-end      |    460.0 |   -100.0 |    0.800 |        - |    0.805
01:20:32.592 | post-up-35ms |    460.0 |   -100.0 |    0.800 |        - |    0.805
================================================================================


================================================================================
SCROLL TRANSACTION TRACE: [SES-1790446832-620] on [TextEdit]
Target: AXTextArea | Scrollbar: AXScrollBar (<AXUIElement 0x600000a7b4b0> {pid=11843})
Initial AXValue: 0.805 | Last Requested: 0.920
Value at UP: 0.920 | +35ms: 0.926 | +100ms: 0.926
Coalesced / Skipped writes: 0
Classification: [NORMAL_STABLE]
--------------------------------------------------------------------------------
Timestamp    | Phase        |  FingerY |   DeltaY |   ReqVal |  AXWrite | Readback
--------------------------------------------------------------------------------
01:20:32.983 | down         |    560.0 |     +0.0 |    0.805 |        - |    0.805
01:20:33.015 | pan-start    |    540.0 |    -20.0 |    0.805 |        - |    0.805
01:20:33.039 | pan-update   |    530.0 |    -30.0 |    0.848 |    0.848 |    0.886
01:20:33.060 | pan-update   |    520.0 |    -40.0 |    0.862 |    0.862 |    0.862
01:20:33.081 | pan-update   |    510.0 |    -50.0 |    0.877 |    0.877 |    0.877
01:20:33.102 | pan-update   |    500.0 |    -60.0 |    0.891 |    0.891 |    0.897
01:20:33.120 | pan-update   |    490.0 |    -70.0 |    0.906 |    0.906 |    0.906
01:20:33.137 | pan-update   |    480.0 |    -80.0 |    0.920 |    0.920 |    0.920
01:20:33.137 | up           |    480.0 |    -80.0 |    0.920 |        - |    0.920
01:20:33.137 | pan-end      |    480.0 |    -80.0 |    0.920 |        - |    0.920
01:20:33.173 | post-up-35ms |    480.0 |    -80.0 |    0.920 |        - |    0.926
================================================================================


================================================================================
SCROLL TRANSACTION TRACE: [SES-1790446833-991] on [TextEdit]
Target: AXTextArea | Scrollbar: AXScrollBar (<AXUIElement 0x600000a7abe0> {pid=11843})
Initial AXValue: 0.926 | Last Requested: 1.000
Value at UP: 1.000 | +35ms: 1.000 | +100ms: 1.000
Coalesced / Skipped writes: 2
Classification: [NORMAL_STABLE]
--------------------------------------------------------------------------------
Timestamp    | Phase        |  FingerY |   DeltaY |   ReqVal |  AXWrite | Readback
--------------------------------------------------------------------------------
01:20:33.462 | down         |    560.0 |     +0.0 |    0.926 |        - |    0.926
01:20:33.495 | pan-start    |    540.0 |    -20.0 |    0.926 |        - |    0.926
01:20:33.519 | pan-update   |    530.0 |    -30.0 |    0.969 |    0.969 |    0.995
01:20:33.540 | pan-update   |    520.0 |    -40.0 |    0.984 |    0.984 |    0.984
01:20:33.562 | pan-update   |    510.0 |    -50.0 |    0.998 |    0.998 |    0.998
01:20:33.581 | pan-update   |    500.0 |    -60.0 |    1.000 |    1.000 |    1.000
01:20:33.616 | up           |    480.0 |    -80.0 |    1.000 |        - |    1.000
01:20:33.616 | pan-end      |    480.0 |    -80.0 |    1.000 |        - |    1.000
01:20:33.653 | post-up-35ms |    480.0 |    -80.0 |    1.000 |        - |    1.000
================================================================================


================================================================================
SCROLL TRANSACTION TRACE: [SES-1790446834-679] on [TextEdit]
Target: AXTextArea | Scrollbar: AXScrollBar (<AXUIElement 0x600000a918c0> {pid=11843})
Initial AXValue: 1.000 | Last Requested: 1.000
Value at UP: 1.000 | +35ms: 1.000 | +100ms: 1.000
Coalesced / Skipped writes: 8
Classification: [NORMAL_STABLE]
--------------------------------------------------------------------------------
Timestamp    | Phase        |  FingerY |   DeltaY |   ReqVal |  AXWrite | Readback
--------------------------------------------------------------------------------
01:20:34.039 | down         |    560.0 |     +0.0 |    1.000 |        - |    1.000
01:20:34.072 | pan-start    |    536.0 |    -24.0 |    1.000 |        - |    1.000
01:20:34.206 | up           |    440.0 |   -120.0 |    1.000 |        - |    1.000
01:20:34.206 | pan-end      |    440.0 |   -120.0 |    1.000 |        - |    1.000
01:20:34.242 | post-up-35ms |    440.0 |   -120.0 |    1.000 |        - |    1.000
================================================================================


================================================================================
SCROLL TRANSACTION TRACE: [SES-1790446834-102] on [TextEdit]
Target: AXTextArea | Scrollbar: AXScrollBar (<AXUIElement 0x600000a7a970> {pid=11843})
Initial AXValue: 1.000 | Last Requested: 0.827
Value at UP: 0.827 | +35ms: 0.827 | +100ms: 0.827
Coalesced / Skipped writes: 0
Classification: [NORMAL_STABLE]
--------------------------------------------------------------------------------
Timestamp    | Phase        |  FingerY |   DeltaY |   ReqVal |  AXWrite | Readback
--------------------------------------------------------------------------------
01:20:34.531 | down         |    560.0 |     +0.0 |    1.000 |        - |    1.000
01:20:34.565 | pan-start    |    584.0 |    +24.0 |    1.000 |        - |    1.000
01:20:34.587 | pan-update   |    596.0 |    +36.0 |    0.948 |    0.948 |    0.948
01:20:34.609 | pan-update   |    608.0 |    +48.0 |    0.931 |    0.931 |    0.931
01:20:34.632 | pan-update   |    620.0 |    +60.0 |    0.913 |    0.913 |    0.913
01:20:34.649 | pan-update   |    632.0 |    +72.0 |    0.896 |    0.896 |    0.896
01:20:34.666 | pan-update   |    644.0 |    +84.0 |    0.879 |    0.879 |    0.879
01:20:34.683 | pan-update   |    656.0 |    +96.0 |    0.861 |    0.861 |    0.861
01:20:34.701 | pan-update   |    668.0 |   +108.0 |    0.844 |    0.844 |    0.844
01:20:34.718 | pan-update   |    680.0 |   +120.0 |    0.827 |    0.827 |    0.827
01:20:34.718 | up           |    680.0 |   +120.0 |    0.827 |        - |    0.827
01:20:34.718 | pan-end      |    680.0 |   +120.0 |    0.827 |        - |    0.827
01:20:34.754 | post-up-35ms |    680.0 |   +120.0 |    0.827 |        - |    0.827
================================================================================


================================================================================
SCROLL TRANSACTION TRACE: [SES-1790446836-159] on [TouchBridgeProbe]
Target: AXScrollArea | Scrollbar: AXScrollBar (<AXUIElement 0x600000a742d0> {pid=16697})
Initial AXValue: 0.819 | Last Requested: 1.000
Value at UP: 1.000 | +35ms: 1.000 | +100ms: 1.000
Coalesced / Skipped writes: 0
Classification: [NORMAL_STABLE]
--------------------------------------------------------------------------------
Timestamp    | Phase        |  FingerY |   DeltaY |   ReqVal |  AXWrite | Readback
--------------------------------------------------------------------------------
01:20:36.674 | down         |    660.0 |     +0.0 |    0.819 |        - |    0.819
01:20:36.707 | pan-start    |    636.0 |    -24.0 |    0.819 |        - |    0.819
01:20:36.724 | pan-update   |    624.0 |    -36.0 |    0.873 |    0.873 |    0.873
01:20:36.741 | pan-update   |    612.0 |    -48.0 |    0.891 |    0.891 |    0.891
01:20:36.758 | pan-update   |    600.0 |    -60.0 |    0.909 |    0.909 |    0.909
01:20:36.775 | pan-update   |    588.0 |    -72.0 |    0.927 |    0.927 |    0.927
01:20:36.792 | pan-update   |    576.0 |    -84.0 |    0.946 |    0.946 |    0.946
01:20:36.808 | pan-update   |    564.0 |    -96.0 |    0.964 |    0.964 |    0.964
01:20:36.826 | pan-update   |    552.0 |   -108.0 |    0.982 |    0.982 |    0.982
01:20:36.843 | pan-update   |    540.0 |   -120.0 |    1.000 |    1.000 |    1.000
01:20:36.843 | up           |    540.0 |   -120.0 |    1.000 |        - |    1.000
01:20:36.843 | pan-end      |    540.0 |   -120.0 |    1.000 |        - |    1.000
01:20:36.880 | post-up-35ms |    540.0 |   -120.0 |    1.000 |        - |    1.000
================================================================================


================================================================================
SCROLL TRANSACTION TRACE: [SES-1790446837-172] on [TouchBridgeProbe]
Target: AXScrollArea | Scrollbar: AXScrollBar (<AXUIElement 0x600000a87c90> {pid=16697})
Initial AXValue: 1.000 | Last Requested: 0.819
Value at UP: 0.819 | +35ms: 0.819 | +100ms: 0.819
Coalesced / Skipped writes: 0
Classification: [NORMAL_STABLE]
--------------------------------------------------------------------------------
Timestamp    | Phase        |  FingerY |   DeltaY |   ReqVal |  AXWrite | Readback
--------------------------------------------------------------------------------
01:20:37.064 | down         |    660.0 |     +0.0 |    1.000 |        - |    1.000
01:20:37.098 | pan-start    |    684.0 |    +24.0 |    1.000 |        - |    1.000
01:20:37.115 | pan-update   |    696.0 |    +36.0 |    0.946 |    0.946 |    0.946
01:20:37.132 | pan-update   |    708.0 |    +48.0 |    0.927 |    0.927 |    0.927
01:20:37.150 | pan-update   |    720.0 |    +60.0 |    0.909 |    0.909 |    0.909
01:20:37.167 | pan-update   |    732.0 |    +72.0 |    0.891 |    0.891 |    0.891
01:20:37.185 | pan-update   |    744.0 |    +84.0 |    0.873 |    0.873 |    0.873
01:20:37.202 | pan-update   |    756.0 |    +96.0 |    0.855 |    0.855 |    0.855
01:20:37.220 | pan-update   |    768.0 |   +108.0 |    0.837 |    0.837 |    0.837
01:20:37.237 | pan-update   |    780.0 |   +120.0 |    0.819 |    0.819 |    0.819
01:20:37.237 | up           |    780.0 |   +120.0 |    0.819 |        - |    0.819
01:20:37.237 | pan-end      |    780.0 |   +120.0 |    0.819 |        - |    0.819
01:20:37.272 | post-up-35ms |    780.0 |   +120.0 |    0.819 |        - |    0.819
================================================================================


================================================================================
SCROLL TRANSACTION TRACE: [SES-1790446837-562] on [TouchBridgeProbe]
Target: AXScrollArea | Scrollbar: AXScrollBar (<AXUIElement 0x600000a9e6a0> {pid=16697})
Initial AXValue: 0.819 | Last Requested: 1.000
Value at UP: 1.000 | +35ms: 1.000 | +100ms: 1.000
Coalesced / Skipped writes: 0
Classification: [NORMAL_STABLE]
--------------------------------------------------------------------------------
Timestamp    | Phase        |  FingerY |   DeltaY |   ReqVal |  AXWrite | Readback
--------------------------------------------------------------------------------
01:20:37.462 | down         |    660.0 |     +0.0 |    0.819 |        - |    0.819
01:20:37.497 | pan-start    |    636.0 |    -24.0 |    0.819 |        - |    0.819
01:20:37.514 | pan-update   |    624.0 |    -36.0 |    0.873 |    0.873 |    0.873
01:20:37.532 | pan-update   |    612.0 |    -48.0 |    0.891 |    0.891 |    0.891
01:20:37.548 | pan-update   |    600.0 |    -60.0 |    0.909 |    0.909 |    0.909
01:20:37.565 | pan-update   |    588.0 |    -72.0 |    0.927 |    0.927 |    0.927
01:20:37.582 | pan-update   |    576.0 |    -84.0 |    0.946 |    0.946 |    0.946
01:20:37.599 | pan-update   |    564.0 |    -96.0 |    0.964 |    0.964 |    0.964
01:20:37.617 | pan-update   |    552.0 |   -108.0 |    0.982 |    0.982 |    0.982
01:20:37.634 | pan-update   |    540.0 |   -120.0 |    1.000 |    1.000 |    1.000
01:20:37.634 | up           |    540.0 |   -120.0 |    1.000 |        - |    1.000
01:20:37.634 | pan-end      |    540.0 |   -120.0 |    1.000 |        - |    1.000
01:20:37.671 | post-up-35ms |    540.0 |   -120.0 |    1.000 |        - |    1.000
================================================================================


================================================================================
SCROLL TRANSACTION TRACE: [SES-1790446837-144] on [TouchBridgeProbe]
Target: AXScrollArea | Scrollbar: AXScrollBar (<AXUIElement 0x600000a7e790> {pid=16697})
Initial AXValue: 1.000 | Last Requested: 0.819
Value at UP: 0.819 | +35ms: 0.819 | +100ms: 0.819
Coalesced / Skipped writes: 0
Classification: [NORMAL_STABLE]
--------------------------------------------------------------------------------
Timestamp    | Phase        |  FingerY |   DeltaY |   ReqVal |  AXWrite | Readback
--------------------------------------------------------------------------------
01:20:37.856 | down         |    660.0 |     +0.0 |    1.000 |        - |    1.000
01:20:37.890 | pan-start    |    684.0 |    +24.0 |    1.000 |        - |    1.000
01:20:37.908 | pan-update   |    696.0 |    +36.0 |    0.946 |    0.946 |    0.946
01:20:37.925 | pan-update   |    708.0 |    +48.0 |    0.927 |    0.927 |    0.927
01:20:37.941 | pan-update   |    720.0 |    +60.0 |    0.909 |    0.909 |    0.909
01:20:37.958 | pan-update   |    732.0 |    +72.0 |    0.891 |    0.891 |    0.891
01:20:37.975 | pan-update   |    744.0 |    +84.0 |    0.873 |    0.873 |    0.873
01:20:37.991 | pan-update   |    756.0 |    +96.0 |    0.855 |    0.855 |    0.855
01:20:38.008 | pan-update   |    768.0 |   +108.0 |    0.837 |    0.837 |    0.837
01:20:38.025 | pan-update   |    780.0 |   +120.0 |    0.819 |    0.819 |    0.819
01:20:38.025 | up           |    780.0 |   +120.0 |    0.819 |        - |    0.819
01:20:38.025 | pan-end      |    780.0 |   +120.0 |    0.819 |        - |    0.819
01:20:38.062 | post-up-35ms |    780.0 |   +120.0 |    0.819 |        - |    0.819
================================================================================


================================================================================
SCROLL TRANSACTION TRACE: [SES-1790446838-478] on [TouchBridgeProbe]
Target: AXScrollArea | Scrollbar: AXScrollBar (<AXUIElement 0x600000a819e0> {pid=16697})
Initial AXValue: 0.819 | Last Requested: 1.000
Value at UP: 1.000 | +35ms: 1.000 | +100ms: 1.000
Coalesced / Skipped writes: 0
Classification: [NORMAL_STABLE]
--------------------------------------------------------------------------------
Timestamp    | Phase        |  FingerY |   DeltaY |   ReqVal |  AXWrite | Readback
--------------------------------------------------------------------------------
01:20:38.247 | down         |    660.0 |     +0.0 |    0.819 |        - |    0.819
01:20:38.281 | pan-start    |    636.0 |    -24.0 |    0.819 |        - |    0.819
01:20:38.298 | pan-update   |    624.0 |    -36.0 |    0.873 |    0.873 |    0.873
01:20:38.315 | pan-update   |    612.0 |    -48.0 |    0.891 |    0.891 |    0.891
01:20:38.331 | pan-update   |    600.0 |    -60.0 |    0.909 |    0.909 |    0.909
01:20:38.348 | pan-update   |    588.0 |    -72.0 |    0.927 |    0.927 |    0.927
01:20:38.365 | pan-update   |    576.0 |    -84.0 |    0.946 |    0.946 |    0.946
01:20:38.381 | pan-update   |    564.0 |    -96.0 |    0.964 |    0.964 |    0.964
01:20:38.398 | pan-update   |    552.0 |   -108.0 |    0.982 |    0.982 |    0.982
01:20:38.415 | pan-update   |    540.0 |   -120.0 |    1.000 |    1.000 |    1.000
01:20:38.415 | up           |    540.0 |   -120.0 |    1.000 |        - |    1.000
01:20:38.415 | pan-end      |    540.0 |   -120.0 |    1.000 |        - |    1.000
01:20:38.452 | post-up-35ms |    540.0 |   -120.0 |    1.000 |        - |    1.000
================================================================================


================================================================================
SCROLL TRANSACTION TRACE: [SES-1790446838-554] on [TouchBridgeProbe]
Target: AXScrollArea | Scrollbar: AXScrollBar (<AXUIElement 0x600000a8a5b0> {pid=16697})
Initial AXValue: 1.000 | Last Requested: 0.819
Value at UP: 0.819 | +35ms: 0.819 | +100ms: 0.819
Coalesced / Skipped writes: 0
Classification: [NORMAL_STABLE]
--------------------------------------------------------------------------------
Timestamp    | Phase        |  FingerY |   DeltaY |   ReqVal |  AXWrite | Readback
--------------------------------------------------------------------------------
01:20:38.640 | down         |    660.0 |     +0.0 |    1.000 |        - |    1.000
01:20:38.674 | pan-start    |    684.0 |    +24.0 |    1.000 |        - |    1.000
01:20:38.691 | pan-update   |    696.0 |    +36.0 |    0.946 |    0.946 |    0.946
01:20:38.708 | pan-update   |    708.0 |    +48.0 |    0.927 |    0.927 |    0.927
01:20:38.725 | pan-update   |    720.0 |    +60.0 |    0.909 |    0.909 |    0.909
01:20:38.742 | pan-update   |    732.0 |    +72.0 |    0.891 |    0.891 |    0.891
01:20:38.759 | pan-update   |    744.0 |    +84.0 |    0.873 |    0.873 |    0.873
01:20:38.777 | pan-update   |    756.0 |    +96.0 |    0.855 |    0.855 |    0.855
01:20:38.794 | pan-update   |    768.0 |   +108.0 |    0.837 |    0.837 |    0.837
01:20:38.811 | pan-update   |    780.0 |   +120.0 |    0.819 |    0.819 |    0.819
01:20:38.811 | up           |    780.0 |   +120.0 |    0.819 |        - |    0.819
01:20:38.811 | pan-end      |    780.0 |   +120.0 |    0.819 |        - |    0.819
01:20:38.848 | post-up-35ms |    780.0 |   +120.0 |    0.819 |        - |    0.819
================================================================================


================================================================================
SCROLL TRANSACTION TRACE: [SES-1790446839-746] on [TouchBridgeProbe]
Target: AXScrollArea | Scrollbar: AXScrollBar (<AXUIElement 0x600000acbfc0> {pid=16697})
Initial AXValue: 0.819 | Last Requested: 1.000
Value at UP: 1.000 | +35ms: 1.000 | +100ms: 1.000
Coalesced / Skipped writes: 0
Classification: [NORMAL_STABLE]
--------------------------------------------------------------------------------
Timestamp    | Phase        |  FingerY |   DeltaY |   ReqVal |  AXWrite | Readback
--------------------------------------------------------------------------------
01:20:39.028 | down         |    660.0 |     +0.0 |    0.819 |        - |    0.819
01:20:39.063 | pan-start    |    636.0 |    -24.0 |    0.819 |        - |    0.819
01:20:39.080 | pan-update   |    624.0 |    -36.0 |    0.873 |    0.873 |    0.873
01:20:39.098 | pan-update   |    612.0 |    -48.0 |    0.891 |    0.891 |    0.891
01:20:39.115 | pan-update   |    600.0 |    -60.0 |    0.909 |    0.909 |    0.909
01:20:39.131 | pan-update   |    588.0 |    -72.0 |    0.927 |    0.927 |    0.927
01:20:39.148 | pan-update   |    576.0 |    -84.0 |    0.946 |    0.946 |    0.946
01:20:39.165 | pan-update   |    564.0 |    -96.0 |    0.964 |    0.964 |    0.964
01:20:39.181 | pan-update   |    552.0 |   -108.0 |    0.982 |    0.982 |    0.982
01:20:39.198 | pan-update   |    540.0 |   -120.0 |    1.000 |    1.000 |    1.000
01:20:39.198 | up           |    540.0 |   -120.0 |    1.000 |        - |    1.000
01:20:39.198 | pan-end      |    540.0 |   -120.0 |    1.000 |        - |    1.000
01:20:39.235 | post-up-35ms |    540.0 |   -120.0 |    1.000 |        - |    1.000
================================================================================


================================================================================
SCROLL TRANSACTION TRACE: [SES-1790446839-878] on [TouchBridgeProbe]
Target: AXScrollArea | Scrollbar: AXScrollBar (<AXUIElement 0x600000a71e60> {pid=16697})
Initial AXValue: 1.000 | Last Requested: 0.819
Value at UP: 0.819 | +35ms: 0.819 | +100ms: 0.819
Coalesced / Skipped writes: 0
Classification: [NORMAL_STABLE]
--------------------------------------------------------------------------------
Timestamp    | Phase        |  FingerY |   DeltaY |   ReqVal |  AXWrite | Readback
--------------------------------------------------------------------------------
01:20:39.424 | down         |    660.0 |     +0.0 |    1.000 |        - |    1.000
01:20:39.458 | pan-start    |    684.0 |    +24.0 |    1.000 |        - |    1.000
01:20:39.475 | pan-update   |    696.0 |    +36.0 |    0.946 |    0.946 |    0.946
01:20:39.493 | pan-update   |    708.0 |    +48.0 |    0.927 |    0.927 |    0.927
01:20:39.511 | pan-update   |    720.0 |    +60.0 |    0.909 |    0.909 |    0.909
01:20:39.528 | pan-update   |    732.0 |    +72.0 |    0.891 |    0.891 |    0.891
01:20:39.546 | pan-update   |    744.0 |    +84.0 |    0.873 |    0.873 |    0.873
01:20:39.563 | pan-update   |    756.0 |    +96.0 |    0.855 |    0.855 |    0.855
01:20:39.580 | pan-update   |    768.0 |   +108.0 |    0.837 |    0.837 |    0.837
01:20:39.596 | pan-update   |    780.0 |   +120.0 |    0.819 |    0.819 |    0.819
01:20:39.597 | up           |    780.0 |   +120.0 |    0.819 |        - |    0.819
01:20:39.597 | pan-end      |    780.0 |   +120.0 |    0.819 |        - |    0.819
01:20:39.632 | post-up-35ms |    780.0 |   +120.0 |    0.819 |        - |    0.819
================================================================================


================================================================================
SCROLL TRANSACTION TRACE: [SES-1790446839-654] on [TouchBridgeProbe]
Target: AXScrollArea | Scrollbar: AXScrollBar (<AXUIElement 0x600000a7dfe0> {pid=16697})
Initial AXValue: 0.819 | Last Requested: 1.000
Value at UP: 1.000 | +35ms: 1.000 | +100ms: 1.000
Coalesced / Skipped writes: 0
Classification: [NORMAL_STABLE]
--------------------------------------------------------------------------------
Timestamp    | Phase        |  FingerY |   DeltaY |   ReqVal |  AXWrite | Readback
--------------------------------------------------------------------------------
01:20:39.816 | down         |    660.0 |     +0.0 |    0.819 |        - |    0.819
01:20:39.850 | pan-start    |    636.0 |    -24.0 |    0.819 |        - |    0.819
01:20:39.868 | pan-update   |    624.0 |    -36.0 |    0.873 |    0.873 |    0.873
01:20:39.885 | pan-update   |    612.0 |    -48.0 |    0.891 |    0.891 |    0.891
01:20:39.903 | pan-update   |    600.0 |    -60.0 |    0.909 |    0.909 |    0.909
01:20:39.921 | pan-update   |    588.0 |    -72.0 |    0.927 |    0.927 |    0.927
01:20:39.939 | pan-update   |    576.0 |    -84.0 |    0.946 |    0.946 |    0.946
01:20:39.956 | pan-update   |    564.0 |    -96.0 |    0.964 |    0.964 |    0.964
01:20:39.973 | pan-update   |    552.0 |   -108.0 |    0.982 |    0.982 |    0.982
01:20:39.990 | pan-update   |    540.0 |   -120.0 |    1.000 |    1.000 |    1.000
01:20:39.990 | up           |    540.0 |   -120.0 |    1.000 |        - |    1.000
01:20:39.990 | pan-end      |    540.0 |   -120.0 |    1.000 |        - |    1.000
01:20:40.027 | post-up-35ms |    540.0 |   -120.0 |    1.000 |        - |    1.000
================================================================================


================================================================================
SCROLL TRANSACTION TRACE: [SES-1790446840-846] on [TouchBridgeProbe]
Target: AXScrollArea | Scrollbar: AXScrollBar (<AXUIElement 0x600000a96b50> {pid=16697})
Initial AXValue: 1.000 | Last Requested: 0.819
Value at UP: 0.819 | +35ms: 0.819 | +100ms: 0.819
Coalesced / Skipped writes: 0
Classification: [NORMAL_STABLE]
--------------------------------------------------------------------------------
Timestamp    | Phase        |  FingerY |   DeltaY |   ReqVal |  AXWrite | Readback
--------------------------------------------------------------------------------
01:20:40.213 | down         |    660.0 |     +0.0 |    1.000 |        - |    1.000
01:20:40.247 | pan-start    |    684.0 |    +24.0 |    1.000 |        - |    1.000
01:20:40.265 | pan-update   |    696.0 |    +36.0 |    0.946 |    0.946 |    0.946
01:20:40.282 | pan-update   |    708.0 |    +48.0 |    0.927 |    0.927 |    0.927
01:20:40.298 | pan-update   |    720.0 |    +60.0 |    0.909 |    0.909 |    0.909
01:20:40.316 | pan-update   |    732.0 |    +72.0 |    0.891 |    0.891 |    0.891
01:20:40.334 | pan-update   |    744.0 |    +84.0 |    0.873 |    0.873 |    0.873
01:20:40.351 | pan-update   |    756.0 |    +96.0 |    0.855 |    0.855 |    0.855
01:20:40.369 | pan-update   |    768.0 |   +108.0 |    0.837 |    0.837 |    0.837
01:20:40.386 | pan-update   |    780.0 |   +120.0 |    0.819 |    0.819 |    0.819
01:20:40.386 | up           |    780.0 |   +120.0 |    0.819 |        - |    0.819
01:20:40.386 | pan-end      |    780.0 |   +120.0 |    0.819 |        - |    0.819
01:20:40.422 | post-up-35ms |    780.0 |   +120.0 |    0.819 |        - |    0.819
================================================================================


================================================================================
SCROLL TRANSACTION TRACE: [SES-1790446842-173] on [Finder]
Target: AXCell | Scrollbar: AXScrollBar (<AXUIElement 0x600000aabea0> {pid=511})
Initial AXValue: 0.806 | Last Requested: 1.000
Value at UP: 1.000 | +35ms: 1.000 | +100ms: 1.000
Coalesced / Skipped writes: 0
Classification: [NORMAL_STABLE]
--------------------------------------------------------------------------------
Timestamp    | Phase        |  FingerY |   DeltaY |   ReqVal |  AXWrite | Readback
--------------------------------------------------------------------------------
01:20:42.281 | down         |    560.0 |     +0.0 |    0.806 |        - |    0.806
01:20:42.315 | pan-start    |    536.0 |    -24.0 |    0.806 |        - |    0.806
01:20:42.341 | pan-update   |    524.0 |    -36.0 |    0.865 |    0.865 |    0.865
01:20:42.366 | pan-update   |    512.0 |    -48.0 |    0.884 |    0.884 |    0.884
01:20:42.389 | pan-update   |    500.0 |    -60.0 |    0.904 |    0.904 |    0.904
01:20:42.412 | pan-update   |    488.0 |    -72.0 |    0.923 |    0.923 |    0.923
01:20:42.435 | pan-update   |    476.0 |    -84.0 |    0.943 |    0.943 |    0.943
01:20:42.458 | pan-update   |    464.0 |    -96.0 |    0.963 |    0.963 |    0.963
01:20:42.483 | pan-update   |    452.0 |   -108.0 |    0.982 |    0.982 |    0.982
01:20:42.506 | pan-update   |    440.0 |   -120.0 |    1.000 |    1.000 |    1.000
01:20:42.506 | up           |    440.0 |   -120.0 |    1.000 |        - |    1.000
01:20:42.507 | pan-end      |    440.0 |   -120.0 |    1.000 |        - |    1.000
01:20:42.542 | post-up-35ms |    440.0 |   -120.0 |    1.000 |        - |    1.000
================================================================================


================================================================================
SCROLL TRANSACTION TRACE: [SES-1790446842-888] on [Finder]
Target: AXCell | Scrollbar: AXScrollBar (<AXUIElement 0x600000a60420> {pid=511})
Initial AXValue: 1.000 | Last Requested: 0.804
Value at UP: 0.804 | +35ms: 0.804 | +100ms: 0.804
Coalesced / Skipped writes: 0
Classification: [NORMAL_STABLE]
--------------------------------------------------------------------------------
Timestamp    | Phase        |  FingerY |   DeltaY |   ReqVal |  AXWrite | Readback
--------------------------------------------------------------------------------
01:20:42.743 | down         |    560.0 |     +0.0 |    1.000 |        - |    1.000
01:20:42.777 | pan-start    |    584.0 |    +24.0 |    1.000 |        - |    1.000
01:20:42.802 | pan-update   |    596.0 |    +36.0 |    0.941 |    0.941 |    0.941
01:20:42.825 | pan-update   |    608.0 |    +48.0 |    0.922 |    0.922 |    0.922
01:20:42.848 | pan-update   |    620.0 |    +60.0 |    0.902 |    0.902 |    0.902
01:20:42.872 | pan-update   |    632.0 |    +72.0 |    0.882 |    0.882 |    0.882
01:20:42.897 | pan-update   |    644.0 |    +84.0 |    0.863 |    0.863 |    0.863
01:20:42.919 | pan-update   |    656.0 |    +96.0 |    0.843 |    0.843 |    0.843
01:20:42.944 | pan-update   |    668.0 |   +108.0 |    0.824 |    0.824 |    0.824
01:20:42.967 | pan-update   |    680.0 |   +120.0 |    0.804 |    0.804 |    0.804
01:20:42.967 | up           |    680.0 |   +120.0 |    0.804 |        - |    0.804
01:20:42.967 | pan-end      |    680.0 |   +120.0 |    0.804 |        - |    0.804
01:20:43.004 | post-up-35ms |    680.0 |   +120.0 |    0.804 |        - |    0.804
================================================================================


================================================================================
SCROLL TRANSACTION TRACE: [SES-1790446843-641] on [Finder]
Target: AXCell | Scrollbar: AXScrollBar (<AXUIElement 0x600000a60540> {pid=511})
Initial AXValue: 0.804 | Last Requested: 1.000
Value at UP: 1.000 | +35ms: 1.000 | +100ms: 1.000
Coalesced / Skipped writes: 0
Classification: [NORMAL_STABLE]
--------------------------------------------------------------------------------
Timestamp    | Phase        |  FingerY |   DeltaY |   ReqVal |  AXWrite | Readback
--------------------------------------------------------------------------------
01:20:43.202 | down         |    560.0 |     +0.0 |    0.804 |        - |    0.804
01:20:43.236 | pan-start    |    536.0 |    -24.0 |    0.804 |        - |    0.804
01:20:43.259 | pan-update   |    524.0 |    -36.0 |    0.863 |    0.863 |    0.863
01:20:43.283 | pan-update   |    512.0 |    -48.0 |    0.882 |    0.882 |    0.882
01:20:43.306 | pan-update   |    500.0 |    -60.0 |    0.902 |    0.902 |    0.902
01:20:43.330 | pan-update   |    488.0 |    -72.0 |    0.922 |    0.922 |    0.922
01:20:43.352 | pan-update   |    476.0 |    -84.0 |    0.941 |    0.941 |    0.941
01:20:43.375 | pan-update   |    464.0 |    -96.0 |    0.961 |    0.961 |    0.961
01:20:43.399 | pan-update   |    452.0 |   -108.0 |    0.980 |    0.980 |    0.980
01:20:43.422 | pan-update   |    440.0 |   -120.0 |    1.000 |    1.000 |    1.000
01:20:43.422 | up           |    440.0 |   -120.0 |    1.000 |        - |    1.000
01:20:43.423 | pan-end      |    440.0 |   -120.0 |    1.000 |        - |    1.000
01:20:43.460 | post-up-35ms |    440.0 |   -120.0 |    1.000 |        - |    1.000
================================================================================


================================================================================
SCROLL TRANSACTION TRACE: [SES-1790446843-194] on [Finder]
Target: AXCell | Scrollbar: AXScrollBar (<AXUIElement 0x600000a80ff0> {pid=511})
Initial AXValue: 1.000 | Last Requested: 0.804
Value at UP: 0.804 | +35ms: 0.804 | +100ms: 0.804
Coalesced / Skipped writes: 0
Classification: [NORMAL_STABLE]
--------------------------------------------------------------------------------
Timestamp    | Phase        |  FingerY |   DeltaY |   ReqVal |  AXWrite | Readback
--------------------------------------------------------------------------------
01:20:43.650 | down         |    560.0 |     +0.0 |    1.000 |        - |    1.000
01:20:43.684 | pan-start    |    584.0 |    +24.0 |    1.000 |        - |    1.000
01:20:43.710 | pan-update   |    596.0 |    +36.0 |    0.941 |    0.941 |    0.941
01:20:43.732 | pan-update   |    608.0 |    +48.0 |    0.922 |    0.922 |    0.922
01:20:43.755 | pan-update   |    620.0 |    +60.0 |    0.902 |    0.902 |    0.902
01:20:43.778 | pan-update   |    632.0 |    +72.0 |    0.882 |    0.882 |    0.882
01:20:43.803 | pan-update   |    644.0 |    +84.0 |    0.863 |    0.863 |    0.863
01:20:43.826 | pan-update   |    656.0 |    +96.0 |    0.843 |    0.843 |    0.843
01:20:43.848 | pan-update   |    668.0 |   +108.0 |    0.824 |    0.824 |    0.824
01:20:43.871 | pan-update   |    680.0 |   +120.0 |    0.804 |    0.804 |    0.804
01:20:43.872 | up           |    680.0 |   +120.0 |    0.804 |        - |    0.804
01:20:43.872 | pan-end      |    680.0 |   +120.0 |    0.804 |        - |    0.804
01:20:43.907 | post-up-35ms |    680.0 |   +120.0 |    0.804 |        - |    0.804
================================================================================


================================================================================
SCROLL TRANSACTION TRACE: [SES-1790446844-851] on [Finder]
Target: AXCell | Scrollbar: AXScrollBar (<AXUIElement 0x600000a60270> {pid=511})
Initial AXValue: 0.804 | Last Requested: 1.000
Value at UP: 1.000 | +35ms: 1.000 | +100ms: 1.000
Coalesced / Skipped writes: 0
Classification: [NORMAL_STABLE]
--------------------------------------------------------------------------------
Timestamp    | Phase        |  FingerY |   DeltaY |   ReqVal |  AXWrite | Readback
--------------------------------------------------------------------------------
01:20:44.099 | down         |    560.0 |     +0.0 |    0.804 |        - |    0.804
01:20:44.133 | pan-start    |    536.0 |    -24.0 |    0.804 |        - |    0.804
01:20:44.156 | pan-update   |    524.0 |    -36.0 |    0.863 |    0.863 |    0.863
01:20:44.181 | pan-update   |    512.0 |    -48.0 |    0.882 |    0.882 |    0.882
01:20:44.204 | pan-update   |    500.0 |    -60.0 |    0.902 |    0.902 |    0.902
01:20:44.227 | pan-update   |    488.0 |    -72.0 |    0.922 |    0.922 |    0.922
01:20:44.250 | pan-update   |    476.0 |    -84.0 |    0.941 |    0.941 |    0.941
01:20:44.272 | pan-update   |    464.0 |    -96.0 |    0.961 |    0.961 |    0.961
01:20:44.296 | pan-update   |    452.0 |   -108.0 |    0.980 |    0.980 |    0.980
01:20:44.319 | pan-update   |    440.0 |   -120.0 |    1.000 |    1.000 |    1.000
01:20:44.319 | up           |    440.0 |   -120.0 |    1.000 |        - |    1.000
01:20:44.319 | pan-end      |    440.0 |   -120.0 |    1.000 |        - |    1.000
01:20:44.355 | post-up-35ms |    440.0 |   -120.0 |    1.000 |        - |    1.000
================================================================================


================================================================================
SCROLL TRANSACTION TRACE: [SES-1790446844-133] on [Finder]
Target: AXCell | Scrollbar: AXScrollBar (<AXUIElement 0x600000a7d860> {pid=511})
Initial AXValue: 1.000 | Last Requested: 0.804
Value at UP: 0.804 | +35ms: 0.804 | +100ms: 0.804
Coalesced / Skipped writes: 0
Classification: [NORMAL_STABLE]
--------------------------------------------------------------------------------
Timestamp    | Phase        |  FingerY |   DeltaY |   ReqVal |  AXWrite | Readback
--------------------------------------------------------------------------------
01:20:44.552 | down         |    560.0 |     +0.0 |    1.000 |        - |    1.000
01:20:44.586 | pan-start    |    584.0 |    +24.0 |    1.000 |        - |    1.000
01:20:44.612 | pan-update   |    596.0 |    +36.0 |    0.941 |    0.941 |    0.941
01:20:44.634 | pan-update   |    608.0 |    +48.0 |    0.922 |    0.922 |    0.922
01:20:44.658 | pan-update   |    620.0 |    +60.0 |    0.902 |    0.902 |    0.902
01:20:44.681 | pan-update   |    632.0 |    +72.0 |    0.882 |    0.882 |    0.882
01:20:44.706 | pan-update   |    644.0 |    +84.0 |    0.863 |    0.863 |    0.863
01:20:44.729 | pan-update   |    656.0 |    +96.0 |    0.843 |    0.843 |    0.843
01:20:44.751 | pan-update   |    668.0 |   +108.0 |    0.824 |    0.824 |    0.824
01:20:44.773 | pan-update   |    680.0 |   +120.0 |    0.804 |    0.804 |    0.804
01:20:44.773 | up           |    680.0 |   +120.0 |    0.804 |        - |    0.804
01:20:44.773 | pan-end      |    680.0 |   +120.0 |    0.804 |        - |    0.804
01:20:44.809 | post-up-35ms |    680.0 |   +120.0 |    0.804 |        - |    0.804
================================================================================


================================================================================
SCROLL TRANSACTION TRACE: [SES-1790446845-422] on [Finder]
Target: AXCell | Scrollbar: AXScrollBar (<AXUIElement 0x600000a7e2b0> {pid=511})
Initial AXValue: 0.804 | Last Requested: 1.000
Value at UP: 1.000 | +35ms: 1.000 | +100ms: 1.000
Coalesced / Skipped writes: 0
Classification: [NORMAL_STABLE]
--------------------------------------------------------------------------------
Timestamp    | Phase        |  FingerY |   DeltaY |   ReqVal |  AXWrite | Readback
--------------------------------------------------------------------------------
01:20:45.003 | down         |    560.0 |     +0.0 |    0.804 |        - |    0.804
01:20:45.037 | pan-start    |    536.0 |    -24.0 |    0.804 |        - |    0.804
01:20:45.061 | pan-update   |    524.0 |    -36.0 |    0.863 |    0.863 |    0.863
01:20:45.085 | pan-update   |    512.0 |    -48.0 |    0.882 |    0.882 |    0.882
01:20:45.108 | pan-update   |    500.0 |    -60.0 |    0.902 |    0.902 |    0.902
01:20:45.131 | pan-update   |    488.0 |    -72.0 |    0.922 |    0.922 |    0.922
01:20:45.154 | pan-update   |    476.0 |    -84.0 |    0.941 |    0.941 |    0.941
01:20:45.177 | pan-update   |    464.0 |    -96.0 |    0.961 |    0.961 |    0.961
01:20:45.201 | pan-update   |    452.0 |   -108.0 |    0.980 |    0.980 |    0.980
01:20:45.224 | pan-update   |    440.0 |   -120.0 |    1.000 |    1.000 |    1.000
01:20:45.224 | up           |    440.0 |   -120.0 |    1.000 |        - |    1.000
01:20:45.224 | pan-end      |    440.0 |   -120.0 |    1.000 |        - |    1.000
01:20:45.262 | post-up-35ms |    440.0 |   -120.0 |    1.000 |        - |    1.000
================================================================================


================================================================================
SCROLL TRANSACTION TRACE: [SES-1790446845-917] on [Finder]
Target: AXCell | Scrollbar: AXScrollBar (<AXUIElement 0x600000a60540> {pid=511})
Initial AXValue: 1.000 | Last Requested: 0.804
Value at UP: 0.804 | +35ms: 0.804 | +100ms: 0.804
Coalesced / Skipped writes: 0
Classification: [NORMAL_STABLE]
--------------------------------------------------------------------------------
Timestamp    | Phase        |  FingerY |   DeltaY |   ReqVal |  AXWrite | Readback
--------------------------------------------------------------------------------
01:20:45.456 | down         |    560.0 |     +0.0 |    1.000 |        - |    1.000
01:20:45.490 | pan-start    |    584.0 |    +24.0 |    1.000 |        - |    1.000
01:20:45.516 | pan-update   |    596.0 |    +36.0 |    0.941 |    0.941 |    0.941
01:20:45.539 | pan-update   |    608.0 |    +48.0 |    0.922 |    0.922 |    0.922
01:20:45.561 | pan-update   |    620.0 |    +60.0 |    0.902 |    0.902 |    0.902
01:20:45.585 | pan-update   |    632.0 |    +72.0 |    0.882 |    0.882 |    0.882
01:20:45.612 | pan-update   |    644.0 |    +84.0 |    0.863 |    0.863 |    0.863
01:20:45.635 | pan-update   |    656.0 |    +96.0 |    0.843 |    0.843 |    0.843
01:20:45.659 | pan-update   |    668.0 |   +108.0 |    0.824 |    0.824 |    0.824
01:20:45.682 | pan-update   |    680.0 |   +120.0 |    0.804 |    0.804 |    0.804
01:20:45.682 | up           |    680.0 |   +120.0 |    0.804 |        - |    0.804
01:20:45.682 | pan-end      |    680.0 |   +120.0 |    0.804 |        - |    0.804
01:20:45.719 | post-up-35ms |    680.0 |   +120.0 |    0.804 |        - |    0.804
================================================================================


================================================================================
SCROLL TRANSACTION TRACE: [SES-1790446845-812] on [Finder]
Target: AXCell | Scrollbar: AXScrollBar (<AXUIElement 0x600000a602a0> {pid=511})
Initial AXValue: 0.804 | Last Requested: 1.000
Value at UP: 1.000 | +35ms: 1.000 | +100ms: 1.000
Coalesced / Skipped writes: 0
Classification: [NORMAL_STABLE]
--------------------------------------------------------------------------------
Timestamp    | Phase        |  FingerY |   DeltaY |   ReqVal |  AXWrite | Readback
--------------------------------------------------------------------------------
01:20:45.919 | down         |    560.0 |     +0.0 |    0.804 |        - |    0.804
01:20:45.954 | pan-start    |    536.0 |    -24.0 |    0.804 |        - |    0.804
01:20:45.977 | pan-update   |    524.0 |    -36.0 |    0.863 |    0.863 |    0.863
01:20:46.000 | pan-update   |    512.0 |    -48.0 |    0.882 |    0.882 |    0.882
01:20:46.023 | pan-update   |    500.0 |    -60.0 |    0.902 |    0.902 |    0.902
01:20:46.047 | pan-update   |    488.0 |    -72.0 |    0.922 |    0.922 |    0.922
01:20:46.069 | pan-update   |    476.0 |    -84.0 |    0.941 |    0.941 |    0.941
01:20:46.093 | pan-update   |    464.0 |    -96.0 |    0.961 |    0.961 |    0.961
01:20:46.117 | pan-update   |    452.0 |   -108.0 |    0.980 |    0.980 |    0.980
01:20:46.143 | pan-update   |    440.0 |   -120.0 |    1.000 |    1.000 |    1.000
01:20:46.143 | up           |    440.0 |   -120.0 |    1.000 |        - |    1.000
01:20:46.143 | pan-end      |    440.0 |   -120.0 |    1.000 |        - |    1.000
01:20:46.180 | post-up-35ms |    440.0 |   -120.0 |    1.000 |        - |    1.000
================================================================================


================================================================================
SCROLL TRANSACTION TRACE: [SES-1790446846-104] on [Finder]
Target: AXCell | Scrollbar: AXScrollBar (<AXUIElement 0x600000a7d320> {pid=511})
Initial AXValue: 1.000 | Last Requested: 0.804
Value at UP: 0.804 | +35ms: 0.804 | +100ms: 0.804
Coalesced / Skipped writes: 0
Classification: [NORMAL_STABLE]
--------------------------------------------------------------------------------
Timestamp    | Phase        |  FingerY |   DeltaY |   ReqVal |  AXWrite | Readback
--------------------------------------------------------------------------------
01:20:46.372 | down         |    560.0 |     +0.0 |    1.000 |        - |    1.000
01:20:46.406 | pan-start    |    584.0 |    +24.0 |    1.000 |        - |    1.000
01:20:46.433 | pan-update   |    596.0 |    +36.0 |    0.941 |    0.941 |    0.941
01:20:46.456 | pan-update   |    608.0 |    +48.0 |    0.922 |    0.922 |    0.922
01:20:46.480 | pan-update   |    620.0 |    +60.0 |    0.902 |    0.902 |    0.902
01:20:46.502 | pan-update   |    632.0 |    +72.0 |    0.882 |    0.882 |    0.882
01:20:46.530 | pan-update   |    644.0 |    +84.0 |    0.863 |    0.863 |    0.863
01:20:46.554 | pan-update   |    656.0 |    +96.0 |    0.843 |    0.843 |    0.843
01:20:46.578 | pan-update   |    668.0 |   +108.0 |    0.824 |    0.824 |    0.824
01:20:46.603 | pan-update   |    680.0 |   +120.0 |    0.804 |    0.804 |    0.804
01:20:46.603 | up           |    680.0 |   +120.0 |    0.804 |        - |    0.804
01:20:46.603 | pan-end      |    680.0 |   +120.0 |    0.804 |        - |    0.804
01:20:46.638 | post-up-35ms |    680.0 |   +120.0 |    0.804 |        - |    0.804
================================================================================


================================================================================
SCROLL TRANSACTION TRACE: [SES-1790446847-735] on [Finder]
Target: AXCell | Scrollbar: AXScrollBar (<AXUIElement 0x600000a711a0> {pid=511})
Initial AXValue: 0.804 | Last Requested: 1.000
Value at UP: 1.000 | +35ms: 1.000 | +100ms: 1.000
Coalesced / Skipped writes: 0
Classification: [NORMAL_STABLE]
--------------------------------------------------------------------------------
Timestamp    | Phase        |  FingerY |   DeltaY |   ReqVal |  AXWrite | Readback
--------------------------------------------------------------------------------
01:20:47.665 | down         |    560.0 |     +0.0 |    0.804 |        - |    0.804
01:20:47.699 | pan-start    |    536.0 |    -24.0 |    0.804 |        - |    0.804
01:20:47.721 | pan-update   |    524.0 |    -36.0 |    0.863 |    0.863 |    0.863
01:20:47.745 | pan-update   |    512.0 |    -48.0 |    0.882 |    0.882 |    0.882
01:20:47.767 | pan-update   |    500.0 |    -60.0 |    0.902 |    0.902 |    0.902
01:20:47.790 | pan-update   |    488.0 |    -72.0 |    0.922 |    0.922 |    0.922
01:20:47.814 | pan-update   |    476.0 |    -84.0 |    0.941 |    0.941 |    0.941
01:20:47.836 | pan-update   |    464.0 |    -96.0 |    0.961 |    0.961 |    0.961
01:20:47.861 | pan-update   |    452.0 |   -108.0 |    0.980 |    0.980 |    0.980
01:20:47.883 | pan-update   |    440.0 |   -120.0 |    1.000 |    1.000 |    1.000
01:20:47.883 | up           |    440.0 |   -120.0 |    1.000 |        - |    1.000
01:20:47.883 | pan-end      |    440.0 |   -120.0 |    1.000 |        - |    1.000
01:20:47.919 | post-up-35ms |    440.0 |   -120.0 |    1.000 |        - |    1.000
================================================================================


================================================================================
SCROLL TRANSACTION TRACE: [SES-1790446848-465] on [Finder]
Target: AXCell | Scrollbar: AXScrollBar (<AXUIElement 0x600000aabe40> {pid=511})
Initial AXValue: 1.000 | Last Requested: 0.804
Value at UP: 0.804 | +35ms: 0.804 | +100ms: 0.804
Coalesced / Skipped writes: 0
Classification: [NORMAL_STABLE]
--------------------------------------------------------------------------------
Timestamp    | Phase        |  FingerY |   DeltaY |   ReqVal |  AXWrite | Readback
--------------------------------------------------------------------------------
01:20:48.118 | down         |    560.0 |     +0.0 |    1.000 |        - |    1.000
01:20:48.152 | pan-start    |    584.0 |    +24.0 |    1.000 |        - |    1.000
01:20:48.179 | pan-update   |    596.0 |    +36.0 |    0.941 |    0.941 |    0.941
01:20:48.201 | pan-update   |    608.0 |    +48.0 |    0.922 |    0.922 |    0.922
01:20:48.226 | pan-update   |    620.0 |    +60.0 |    0.902 |    0.902 |    0.902
01:20:48.250 | pan-update   |    632.0 |    +72.0 |    0.882 |    0.882 |    0.882
01:20:48.276 | pan-update   |    644.0 |    +84.0 |    0.863 |    0.863 |    0.863
01:20:48.299 | pan-update   |    656.0 |    +96.0 |    0.843 |    0.843 |    0.843
01:20:48.324 | pan-update   |    668.0 |   +108.0 |    0.824 |    0.824 |    0.824
01:20:48.347 | pan-update   |    680.0 |   +120.0 |    0.804 |    0.804 |    0.804
01:20:48.347 | up           |    680.0 |   +120.0 |    0.804 |        - |    0.804
01:20:48.347 | pan-end      |    680.0 |   +120.0 |    0.804 |        - |    0.804
01:20:48.383 | post-up-35ms |    680.0 |   +120.0 |    0.804 |        - |    0.804
================================================================================


================================================================================
SCROLL TRANSACTION TRACE: [SES-1790446848-646] on [Finder]
Target: AXCell | Scrollbar: AXScrollBar (<AXUIElement 0x600000a7dd10> {pid=511})
Initial AXValue: 0.804 | Last Requested: 1.000
Value at UP: 1.000 | +35ms: 1.000 | +100ms: 1.000
Coalesced / Skipped writes: 0
Classification: [NORMAL_STABLE]
--------------------------------------------------------------------------------
Timestamp    | Phase        |  FingerY |   DeltaY |   ReqVal |  AXWrite | Readback
--------------------------------------------------------------------------------
01:20:48.580 | down         |    560.0 |     +0.0 |    0.804 |        - |    0.804
01:20:48.614 | pan-start    |    536.0 |    -24.0 |    0.804 |        - |    0.804
01:20:48.637 | pan-update   |    524.0 |    -36.0 |    0.863 |    0.863 |    0.863
01:20:48.661 | pan-update   |    512.0 |    -48.0 |    0.882 |    0.882 |    0.882
01:20:48.684 | pan-update   |    500.0 |    -60.0 |    0.902 |    0.902 |    0.902
01:20:48.710 | pan-update   |    488.0 |    -72.0 |    0.922 |    0.922 |    0.922
01:20:48.733 | pan-update   |    476.0 |    -84.0 |    0.941 |    0.941 |    0.941
01:20:48.756 | pan-update   |    464.0 |    -96.0 |    0.961 |    0.961 |    0.961
01:20:48.781 | pan-update   |    452.0 |   -108.0 |    0.980 |    0.980 |    0.980
01:20:48.804 | pan-update   |    440.0 |   -120.0 |    1.000 |    1.000 |    1.000
01:20:48.804 | up           |    440.0 |   -120.0 |    1.000 |        - |    1.000
01:20:48.804 | pan-end      |    440.0 |   -120.0 |    1.000 |        - |    1.000
01:20:48.841 | post-up-35ms |    440.0 |   -120.0 |    1.000 |        - |    1.000
================================================================================


================================================================================
SCROLL TRANSACTION TRACE: [SES-1790446849-620] on [Finder]
Target: AXCell | Scrollbar: AXScrollBar (<AXUIElement 0x600000a820a0> {pid=511})
Initial AXValue: 1.000 | Last Requested: 0.804
Value at UP: 0.804 | +35ms: 0.804 | +100ms: 0.804
Coalesced / Skipped writes: 0
Classification: [NORMAL_STABLE]
--------------------------------------------------------------------------------
Timestamp    | Phase        |  FingerY |   DeltaY |   ReqVal |  AXWrite | Readback
--------------------------------------------------------------------------------
01:20:49.034 | down         |    560.0 |     +0.0 |    1.000 |        - |    1.000
01:20:49.068 | pan-start    |    584.0 |    +24.0 |    1.000 |        - |    1.000
01:20:49.094 | pan-update   |    596.0 |    +36.0 |    0.941 |    0.941 |    0.941
01:20:49.116 | pan-update   |    608.0 |    +48.0 |    0.922 |    0.922 |    0.922
01:20:49.140 | pan-update   |    620.0 |    +60.0 |    0.902 |    0.902 |    0.902
01:20:49.162 | pan-update   |    632.0 |    +72.0 |    0.882 |    0.882 |    0.882
01:20:49.187 | pan-update   |    644.0 |    +84.0 |    0.863 |    0.863 |    0.863
01:20:49.210 | pan-update   |    656.0 |    +96.0 |    0.843 |    0.843 |    0.843
01:20:49.233 | pan-update   |    668.0 |   +108.0 |    0.824 |    0.824 |    0.824
01:20:49.256 | pan-update   |    680.0 |   +120.0 |    0.804 |    0.804 |    0.804
01:20:49.256 | up           |    680.0 |   +120.0 |    0.804 |        - |    0.804
01:20:49.256 | pan-end      |    680.0 |   +120.0 |    0.804 |        - |    0.804
01:20:49.293 | post-up-35ms |    680.0 |   +120.0 |    0.804 |        - |    0.804
================================================================================


================================================================================
SCROLL TRANSACTION TRACE: [SES-1790446849-750] on [Finder]
Target: AXCell | Scrollbar: AXScrollBar (<AXUIElement 0x600000a93690> {pid=511})
Initial AXValue: 0.804 | Last Requested: 1.000
Value at UP: 1.000 | +35ms: 1.000 | +100ms: 1.000
Coalesced / Skipped writes: 0
Classification: [NORMAL_STABLE]
--------------------------------------------------------------------------------
Timestamp    | Phase        |  FingerY |   DeltaY |   ReqVal |  AXWrite | Readback
--------------------------------------------------------------------------------
01:20:49.489 | down         |    560.0 |     +0.0 |    0.804 |        - |    0.804
01:20:49.524 | pan-start    |    536.0 |    -24.0 |    0.804 |        - |    0.804
01:20:49.547 | pan-update   |    524.0 |    -36.0 |    0.863 |    0.863 |    0.863
01:20:49.570 | pan-update   |    512.0 |    -48.0 |    0.882 |    0.882 |    0.882
01:20:49.595 | pan-update   |    500.0 |    -60.0 |    0.902 |    0.902 |    0.902
01:20:49.617 | pan-update   |    488.0 |    -72.0 |    0.922 |    0.922 |    0.922
01:20:49.640 | pan-update   |    476.0 |    -84.0 |    0.941 |    0.941 |    0.941
01:20:49.663 | pan-update   |    464.0 |    -96.0 |    0.961 |    0.961 |    0.961
01:20:49.686 | pan-update   |    452.0 |   -108.0 |    0.980 |    0.980 |    0.980
01:20:49.710 | pan-update   |    440.0 |   -120.0 |    1.000 |    1.000 |    1.000
01:20:49.710 | up           |    440.0 |   -120.0 |    1.000 |        - |    1.000
01:20:49.710 | pan-end      |    440.0 |   -120.0 |    1.000 |        - |    1.000
01:20:49.747 | post-up-35ms |    440.0 |   -120.0 |    1.000 |        - |    1.000
================================================================================


================================================================================
SCROLL TRANSACTION TRACE: [SES-1790446849-926] on [Finder]
Target: AXCell | Scrollbar: AXScrollBar (<AXUIElement 0x600000a71e00> {pid=511})
Initial AXValue: 1.000 | Last Requested: 0.804
Value at UP: 0.804 | +35ms: 0.804 | +100ms: 0.804
Coalesced / Skipped writes: 0
Classification: [NORMAL_STABLE]
--------------------------------------------------------------------------------
Timestamp    | Phase        |  FingerY |   DeltaY |   ReqVal |  AXWrite | Readback
--------------------------------------------------------------------------------
01:20:49.943 | down         |    560.0 |     +0.0 |    1.000 |        - |    1.000
01:20:49.976 | pan-start    |    584.0 |    +24.0 |    1.000 |        - |    1.000
01:20:50.001 | pan-update   |    596.0 |    +36.0 |    0.941 |    0.941 |    0.941
01:20:50.024 | pan-update   |    608.0 |    +48.0 |    0.922 |    0.922 |    0.922
01:20:50.047 | pan-update   |    620.0 |    +60.0 |    0.902 |    0.902 |    0.902
01:20:50.070 | pan-update   |    632.0 |    +72.0 |    0.882 |    0.882 |    0.882
01:20:50.096 | pan-update   |    644.0 |    +84.0 |    0.863 |    0.863 |    0.863
01:20:50.119 | pan-update   |    656.0 |    +96.0 |    0.843 |    0.843 |    0.843
01:20:50.143 | pan-update   |    668.0 |   +108.0 |    0.824 |    0.824 |    0.824
01:20:50.166 | pan-update   |    680.0 |   +120.0 |    0.804 |    0.804 |    0.804
01:20:50.166 | up           |    680.0 |   +120.0 |    0.804 |        - |    0.804
01:20:50.166 | pan-end      |    680.0 |   +120.0 |    0.804 |        - |    0.804
01:20:50.203 | post-up-35ms |    680.0 |   +120.0 |    0.804 |        - |    0.804
================================================================================


================================================================================
SCROLL TRANSACTION TRACE: [SES-1790446850-427] on [Finder]
Target: AXCell | Scrollbar: AXScrollBar (<AXUIElement 0x600000a82520> {pid=511})
Initial AXValue: 0.804 | Last Requested: 1.000
Value at UP: 1.000 | +35ms: 1.000 | +100ms: 1.000
Coalesced / Skipped writes: 0
Classification: [NORMAL_STABLE]
--------------------------------------------------------------------------------
Timestamp    | Phase        |  FingerY |   DeltaY |   ReqVal |  AXWrite | Readback
--------------------------------------------------------------------------------
01:20:50.400 | down         |    560.0 |     +0.0 |    0.804 |        - |    0.804
01:20:50.434 | pan-start    |    536.0 |    -24.0 |    0.804 |        - |    0.804
01:20:50.457 | pan-update   |    524.0 |    -36.0 |    0.863 |    0.863 |    0.863
01:20:50.482 | pan-update   |    512.0 |    -48.0 |    0.882 |    0.882 |    0.882
01:20:50.505 | pan-update   |    500.0 |    -60.0 |    0.902 |    0.902 |    0.902
01:20:50.527 | pan-update   |    488.0 |    -72.0 |    0.922 |    0.922 |    0.922
01:20:50.550 | pan-update   |    476.0 |    -84.0 |    0.941 |    0.941 |    0.941
01:20:50.573 | pan-update   |    464.0 |    -96.0 |    0.961 |    0.961 |    0.961
01:20:50.597 | pan-update   |    452.0 |   -108.0 |    0.980 |    0.980 |    0.980
01:20:50.620 | pan-update   |    440.0 |   -120.0 |    1.000 |    1.000 |    1.000
01:20:50.620 | up           |    440.0 |   -120.0 |    1.000 |        - |    1.000
01:20:50.620 | pan-end      |    440.0 |   -120.0 |    1.000 |        - |    1.000
01:20:50.656 | post-up-35ms |    440.0 |   -120.0 |    1.000 |        - |    1.000
================================================================================


================================================================================
SCROLL TRANSACTION TRACE: [SES-1790446850-741] on [Finder]
Target: AXCell | Scrollbar: AXScrollBar (<AXUIElement 0x600000a60450> {pid=511})
Initial AXValue: 1.000 | Last Requested: 0.804
Value at UP: 0.804 | +35ms: 0.804 | +100ms: 0.804
Coalesced / Skipped writes: 0
Classification: [NORMAL_STABLE]
--------------------------------------------------------------------------------
Timestamp    | Phase        |  FingerY |   DeltaY |   ReqVal |  AXWrite | Readback
--------------------------------------------------------------------------------
01:20:50.855 | down         |    560.0 |     +0.0 |    1.000 |        - |    1.000
01:20:50.889 | pan-start    |    584.0 |    +24.0 |    1.000 |        - |    1.000
01:20:50.915 | pan-update   |    596.0 |    +36.0 |    0.941 |    0.941 |    0.941
01:20:50.938 | pan-update   |    608.0 |    +48.0 |    0.922 |    0.922 |    0.922
01:20:50.960 | pan-update   |    620.0 |    +60.0 |    0.902 |    0.902 |    0.902
01:20:50.983 | pan-update   |    632.0 |    +72.0 |    0.882 |    0.882 |    0.882
01:20:51.009 | pan-update   |    644.0 |    +84.0 |    0.863 |    0.863 |    0.863
01:20:51.032 | pan-update   |    656.0 |    +96.0 |    0.843 |    0.843 |    0.843
01:20:51.055 | pan-update   |    668.0 |   +108.0 |    0.824 |    0.824 |    0.824
01:20:51.077 | pan-update   |    680.0 |   +120.0 |    0.804 |    0.804 |    0.804
01:20:51.077 | up           |    680.0 |   +120.0 |    0.804 |        - |    0.804
01:20:51.077 | pan-end      |    680.0 |   +120.0 |    0.804 |        - |    0.804
01:20:51.114 | post-up-35ms |    680.0 |   +120.0 |    0.804 |        - |    0.804
================================================================================


================================================================================
SCROLL TRANSACTION TRACE: [SES-1790446851-581] on [Finder]
Target: AXCell | Scrollbar: AXScrollBar (<AXUIElement 0x600000a7e550> {pid=511})
Initial AXValue: 0.804 | Last Requested: 1.000
Value at UP: 1.000 | +35ms: 1.000 | +100ms: 1.000
Coalesced / Skipped writes: 0
Classification: [NORMAL_STABLE]
--------------------------------------------------------------------------------
Timestamp    | Phase        |  FingerY |   DeltaY |   ReqVal |  AXWrite | Readback
--------------------------------------------------------------------------------
01:20:51.305 | down         |    560.0 |     +0.0 |    0.804 |        - |    0.804
01:20:51.339 | pan-start    |    536.0 |    -24.0 |    0.804 |        - |    0.804
01:20:51.363 | pan-update   |    524.0 |    -36.0 |    0.863 |    0.863 |    0.863
01:20:51.387 | pan-update   |    512.0 |    -48.0 |    0.882 |    0.882 |    0.882
01:20:51.411 | pan-update   |    500.0 |    -60.0 |    0.902 |    0.902 |    0.902
01:20:51.434 | pan-update   |    488.0 |    -72.0 |    0.922 |    0.922 |    0.922
01:20:51.458 | pan-update   |    476.0 |    -84.0 |    0.941 |    0.941 |    0.941
01:20:51.481 | pan-update   |    464.0 |    -96.0 |    0.961 |    0.961 |    0.961
01:20:51.504 | pan-update   |    452.0 |   -108.0 |    0.980 |    0.980 |    0.980
01:20:51.526 | pan-update   |    440.0 |   -120.0 |    1.000 |    1.000 |    1.000
01:20:51.526 | up           |    440.0 |   -120.0 |    1.000 |        - |    1.000
01:20:51.527 | pan-end      |    440.0 |   -120.0 |    1.000 |        - |    1.000
01:20:51.564 | post-up-35ms |    440.0 |   -120.0 |    1.000 |        - |    1.000
================================================================================


================================================================================
SCROLL TRANSACTION TRACE: [SES-1790446851-926] on [Finder]
Target: AXCell | Scrollbar: AXScrollBar (<AXUIElement 0x600000a82fd0> {pid=511})
Initial AXValue: 1.000 | Last Requested: 0.804
Value at UP: 0.804 | +35ms: 0.804 | +100ms: 0.804
Coalesced / Skipped writes: 0
Classification: [NORMAL_STABLE]
--------------------------------------------------------------------------------
Timestamp    | Phase        |  FingerY |   DeltaY |   ReqVal |  AXWrite | Readback
--------------------------------------------------------------------------------
01:20:51.764 | down         |    560.0 |     +0.0 |    1.000 |        - |    1.000
01:20:51.798 | pan-start    |    584.0 |    +24.0 |    1.000 |        - |    1.000
01:20:51.824 | pan-update   |    596.0 |    +36.0 |    0.941 |    0.941 |    0.941
01:20:51.848 | pan-update   |    608.0 |    +48.0 |    0.922 |    0.922 |    0.922
01:20:51.870 | pan-update   |    620.0 |    +60.0 |    0.902 |    0.902 |    0.902
01:20:51.893 | pan-update   |    632.0 |    +72.0 |    0.882 |    0.882 |    0.882
01:20:51.919 | pan-update   |    644.0 |    +84.0 |    0.863 |    0.863 |    0.863
01:20:51.944 | pan-update   |    656.0 |    +96.0 |    0.843 |    0.843 |    0.843
01:20:51.966 | pan-update   |    668.0 |   +108.0 |    0.824 |    0.824 |    0.824
01:20:51.989 | pan-update   |    680.0 |   +120.0 |    0.804 |    0.804 |    0.804
01:20:51.989 | up           |    680.0 |   +120.0 |    0.804 |        - |    0.804
01:20:51.989 | pan-end      |    680.0 |   +120.0 |    0.804 |        - |    0.804
01:20:52.024 | post-up-35ms |    680.0 |   +120.0 |    0.804 |        - |    0.804
================================================================================


================================================================================
SCROLL TRANSACTION TRACE: [SES-1790447342-574] on [Finder]
Target: AXCell | Scrollbar: AXScrollBar (<AXUIElement 0x7f8a162f3f20> {pid=511})
Initial AXValue: 0.804 | Last Requested: 0.417
Value at UP: 0.417 | +35ms: 0.417 | +100ms: 0.417
Coalesced / Skipped writes: 6
Classification: [NORMAL_STABLE]
--------------------------------------------------------------------------------
Timestamp    | Phase        |  FingerY |   DeltaY |   ReqVal |  AXWrite | Readback
--------------------------------------------------------------------------------
01:29:02.279 | down         |    693.0 |     +0.0 |    0.804 |        - |    0.804
01:29:02.280 | pan-start    |    603.5 |    -89.5 |    0.804 |        - |    0.804
01:29:02.302 | pan-update   |    693.9 |     +0.9 |    0.802 |    0.802 |    0.802
01:29:02.339 | pan-update   |    731.1 |    +38.1 |    0.742 |    0.742 |    0.742
01:29:02.372 | pan-update   |    788.1 |    +95.1 |    0.649 |    0.649 |    0.649
01:29:02.399 | pan-update   |    841.6 |   +148.6 |    0.561 |    0.561 |    0.561
01:29:02.430 | pan-update   |    875.1 |   +182.1 |    0.506 |    0.506 |    0.506
01:29:02.463 | pan-update   |    899.9 |   +206.9 |    0.466 |    0.466 |    0.466
01:29:02.493 | pan-update   |    929.6 |   +236.6 |    0.417 |    0.417 |    0.417
01:29:02.502 | up           |    929.6 |   +236.6 |    0.417 |        - |    0.417
01:29:02.503 | pan-end      |    929.6 |   +236.6 |    0.417 |        - |    0.417
01:29:02.538 | post-up-35ms |    929.6 |   +236.6 |    0.417 |        - |    0.417
================================================================================


================================================================================
SCROLL TRANSACTION TRACE: [SES-1790447342-511] on [Finder]
Target: AXStaticText | Scrollbar: AXScrollBar (<AXUIElement 0x7f8a162b49a0> {pid=511})
Initial AXValue: 0.417 | Last Requested: 0.521
Value at UP: 0.521 | +35ms: 0.521 | +100ms: 0.521
Coalesced / Skipped writes: 1
Classification: [NORMAL_STABLE]
--------------------------------------------------------------------------------
Timestamp    | Phase        |  FingerY |   DeltaY |   ReqVal |  AXWrite | Readback
--------------------------------------------------------------------------------
01:29:02.978 | down         |    680.5 |     +0.0 |    0.417 |        - |    0.417
01:29:03.022 | pan-start    |    657.0 |    -23.5 |    0.417 |        - |    0.417
01:29:03.047 | pan-update   |    617.2 |    -63.3 |    0.521 |    0.521 |    0.521
01:29:03.068 | up           |    570.2 |   -110.3 |    0.521 |        - |    0.521
01:29:03.068 | pan-end      |    570.2 |   -110.3 |    0.521 |        - |    0.521
01:29:03.104 | post-up-35ms |    570.2 |   -110.3 |    0.521 |        - |    0.521
================================================================================


================================================================================
SCROLL TRANSACTION TRACE: [SES-1790447343-621] on [Finder]
Target: AXStaticText | Scrollbar: AXScrollBar (<AXUIElement 0x7f8a100babe0> {pid=511})
Initial AXValue: 0.521 | Last Requested: 0.938
Value at UP: 0.938 | +35ms: 0.938 | +100ms: 0.938
Coalesced / Skipped writes: 3
Classification: [NORMAL_STABLE]
--------------------------------------------------------------------------------
Timestamp    | Phase        |  FingerY |   DeltaY |   ReqVal |  AXWrite | Readback
--------------------------------------------------------------------------------
01:29:03.536 | down         |    731.5 |     +0.0 |    0.521 |        - |    0.521
01:29:03.582 | pan-start    |    708.0 |    -23.5 |    0.521 |        - |    0.521
01:29:03.606 | pan-update   |    676.9 |    -54.6 |    0.610 |    0.610 |    0.610
01:29:03.635 | pan-update   |    603.8 |   -127.7 |    0.729 |    0.729 |    0.729
01:29:03.671 | pan-update   |    533.1 |   -198.4 |    0.845 |    0.845 |    0.845
01:29:03.700 | pan-update   |    475.8 |   -255.7 |    0.938 |    0.938 |    0.938
01:29:03.708 | up           |    475.8 |   -255.7 |    0.938 |        - |    0.938
01:29:03.708 | pan-end      |    475.8 |   -255.7 |    0.938 |        - |    0.938
01:29:03.743 | post-up-35ms |    475.8 |   -255.7 |    0.938 |        - |    0.938
================================================================================


================================================================================
SCROLL TRANSACTION TRACE: [SES-1790447344-584] on [Finder]
Target: AXStaticText | Scrollbar: AXScrollBar (<AXUIElement 0x7f8a162c94d0> {pid=511})
Initial AXValue: 0.938 | Last Requested: 1.000
Value at UP: 1.000 | +35ms: 1.000 | +100ms: 1.000
Coalesced / Skipped writes: 10
Classification: [NORMAL_STABLE]
--------------------------------------------------------------------------------
Timestamp    | Phase        |  FingerY |   DeltaY |   ReqVal |  AXWrite | Readback
--------------------------------------------------------------------------------
01:29:04.162 | down         |    720.2 |     +0.0 |    0.938 |        - |    0.938
01:29:04.254 | pan-start    |    680.4 |    -39.8 |    0.938 |        - |    0.938
01:29:04.277 | pan-update   |    635.8 |    -84.4 |    1.000 |    1.000 |    1.000
01:29:04.444 | up           |    370.3 |   -349.9 |    1.000 |        - |    1.000
01:29:04.445 | pan-end      |    370.3 |   -349.9 |    1.000 |        - |    1.000
01:29:04.480 | post-up-35ms |    370.3 |   -349.9 |    1.000 |        - |    1.000
================================================================================


================================================================================
SCROLL TRANSACTION TRACE: [SES-1790447344-774] on [Finder]
Target: AXStaticText | Scrollbar: AXScrollBar (<AXUIElement 0x7f8a100c29a0> {pid=511})
Initial AXValue: 1.000 | Last Requested: 1.000
Value at UP: 1.000 | +35ms: 1.000 | +100ms: 1.000
Coalesced / Skipped writes: 5
Classification: [NORMAL_STABLE]
--------------------------------------------------------------------------------
Timestamp    | Phase        |  FingerY |   DeltaY |   ReqVal |  AXWrite | Readback
--------------------------------------------------------------------------------
01:29:04.848 | down         |    707.8 |     +0.0 |    1.000 |        - |    1.000
01:29:04.894 | pan-start    |    672.9 |    -34.9 |    1.000 |        - |    1.000
01:29:04.988 | up           |    483.1 |   -224.8 |    1.000 |        - |    1.000
01:29:04.989 | pan-end      |    483.1 |   -224.8 |    1.000 |        - |    1.000
01:29:05.024 | post-up-35ms |    483.1 |   -224.8 |    1.000 |        - |    1.000
================================================================================


================================================================================
SCROLL TRANSACTION TRACE: [SES-1790447429-110] on [Finder]
Target: AXCell | Scrollbar: AXScrollBar (<AXUIElement 0x7fd1ad4555f0> {pid=511})
Initial AXValue: 1.000 | Last Requested: 0.678
Value at UP: 0.678 | +35ms: 0.678 | +100ms: 0.678
Coalesced / Skipped writes: 4
Classification: [NORMAL_STABLE]
--------------------------------------------------------------------------------
Timestamp    | Phase        |  FingerY |   DeltaY |   ReqVal |  AXWrite | Readback
--------------------------------------------------------------------------------
01:30:29.990 | down         |    573.5 |     +0.0 |    1.000 |        - |    1.000
01:30:29.993 | pan-start    |    602.1 |    +28.6 |    1.000 |        - |    1.000
01:30:30.019 | pan-update   |    687.6 |   +114.2 |    0.813 |    0.813 |    0.813
01:30:30.047 | pan-update   |    732.0 |   +158.5 |    0.741 |    0.741 |    0.741
01:30:30.081 | pan-update   |    770.6 |   +197.1 |    0.678 |    0.678 |    0.678
01:30:30.086 | up           |    770.6 |   +197.1 |    0.678 |        - |    0.678
01:30:30.086 | pan-end      |    770.6 |   +197.1 |    0.678 |        - |    0.678
01:30:30.122 | post-up-35ms |    770.6 |   +197.1 |    0.678 |        - |    0.678
================================================================================


================================================================================
SCROLL TRANSACTION TRACE: [SES-1790447430-252] on [Finder]
Target: AXCell | Scrollbar: AXScrollBar (<AXUIElement 0x7fd1ad40aec0> {pid=511})
Initial AXValue: 0.678 | Last Requested: 0.202
Value at UP: 0.202 | +35ms: 0.202 | +100ms: 0.202
Coalesced / Skipped writes: 6
Classification: [NORMAL_STABLE]
--------------------------------------------------------------------------------
Timestamp    | Phase        |  FingerY |   DeltaY |   ReqVal |  AXWrite | Readback
--------------------------------------------------------------------------------
01:30:30.485 | down         |    469.6 |     +0.0 |    0.678 |        - |    0.678
01:30:30.535 | pan-start    |    495.7 |    +26.1 |    0.678 |        - |    0.678
01:30:30.556 | pan-update   |    522.9 |    +53.3 |    0.591 |    0.591 |    0.591
01:30:30.592 | pan-update   |    586.1 |   +116.5 |    0.488 |    0.488 |    0.488
01:30:30.622 | pan-update   |    646.8 |   +177.2 |    0.388 |    0.388 |    0.388
01:30:30.653 | pan-update   |    698.9 |   +229.3 |    0.303 |    0.303 |    0.303
01:30:30.687 | pan-update   |    736.1 |   +266.5 |    0.242 |    0.242 |    0.242
01:30:30.720 | pan-update   |    761.0 |   +291.4 |    0.202 |    0.202 |    0.202
01:30:30.742 | up           |    778.5 |   +308.9 |    0.202 |        - |    0.202
01:30:30.743 | pan-end      |    778.5 |   +308.9 |    0.202 |        - |    0.202
01:30:30.779 | post-up-35ms |    778.5 |   +308.9 |    0.202 |        - |    0.202
================================================================================


================================================================================
SCROLL TRANSACTION TRACE: [SES-1790447450-148] on [Finder]
Target: AXCell | Scrollbar: AXScrollBar (<AXUIElement 0x7fd1ad427c60> {pid=511})
Initial AXValue: 0.202 | Last Requested: 0.356
Value at UP: 0.356 | +35ms: 0.356 | +100ms: 0.356
Coalesced / Skipped writes: 18
Classification: [NORMAL_STABLE]
--------------------------------------------------------------------------------
Timestamp    | Phase        |  FingerY |   DeltaY |   ReqVal |  AXWrite | Readback
--------------------------------------------------------------------------------
01:30:50.870 | down         |    601.1 |     +0.0 |    0.202 |        - |    0.202
01:30:50.919 | pan-start    |    624.6 |    +23.5 |    0.202 |        - |    0.202
01:30:50.943 | pan-update   |    650.7 |    +49.6 |    0.121 |    0.121 |    0.121
01:30:50.974 | pan-update   |    711.6 |   +110.5 |    0.021 |    0.021 |    0.021
01:30:51.006 | pan-update   |    756.3 |   +155.2 |    0.000 |    0.000 |    0.000
01:30:51.326 | pan-update   |    719.2 |   +118.0 |    0.009 |    0.009 |    0.009
01:30:51.363 | pan-update   |    652.2 |    +51.0 |    0.118 |    0.118 |    0.118
01:30:51.396 | pan-update   |    578.9 |    -22.3 |    0.238 |    0.238 |    0.238
01:30:51.427 | pan-update   |    506.9 |    -94.2 |    0.356 |    0.356 |    0.356
01:30:51.445 | up           |    474.6 |   -126.6 |    0.356 |        - |    0.356
01:30:51.445 | pan-end      |    474.6 |   -126.6 |    0.356 |        - |    0.356
01:30:51.482 | post-up-35ms |    474.6 |   -126.6 |    0.356 |        - |    0.356
================================================================================


================================================================================
SCROLL TRANSACTION TRACE: [SES-1790447451-243] on [Finder]
Target: AXStaticText | Scrollbar: AXScrollBar (<AXUIElement 0x7fd1a7dd4590> {pid=511})
Initial AXValue: 0.356 | Last Requested: 0.769
Value at UP: 0.769 | +35ms: 0.769 | +100ms: 0.769
Coalesced / Skipped writes: 3
Classification: [NORMAL_STABLE]
--------------------------------------------------------------------------------
Timestamp    | Phase        |  FingerY |   DeltaY |   ReqVal |  AXWrite | Readback
--------------------------------------------------------------------------------
01:30:51.978 | down         |    659.5 |     +0.0 |    0.356 |        - |    0.356
01:30:52.007 | pan-start    |    633.5 |    -26.0 |    0.356 |        - |    0.356
01:30:52.036 | pan-update   |    594.9 |    -64.7 |    0.461 |    0.461 |    0.461
01:30:52.064 | pan-update   |    490.6 |   -168.9 |    0.632 |    0.632 |    0.632
01:30:52.097 | pan-update   |    406.3 |   -253.2 |    0.769 |    0.769 |    0.769
01:30:52.117 | up           |    378.8 |   -280.7 |    0.769 |        - |    0.769
01:30:52.117 | pan-end      |    378.8 |   -280.7 |    0.769 |        - |    0.769
01:30:52.154 | post-up-35ms |    378.8 |   -280.7 |    0.769 |        - |    0.769
================================================================================


================================================================================
SCROLL TRANSACTION TRACE: [SES-1790447452-594] on [Finder]
Target: AXStaticText | Scrollbar: AXScrollBar (<AXUIElement 0x7fd1a78e9890> {pid=511})
Initial AXValue: 0.769 | Last Requested: 1.000
Value at UP: 1.000 | +35ms: 1.000 | +100ms: 1.000
Coalesced / Skipped writes: 3
Classification: [NORMAL_STABLE]
--------------------------------------------------------------------------------
Timestamp    | Phase        |  FingerY |   DeltaY |   ReqVal |  AXWrite | Readback
--------------------------------------------------------------------------------
01:30:52.532 | down         |    670.6 |     +0.0 |    0.769 |        - |    0.769
01:30:52.584 | pan-start    |    630.8 |    -39.8 |    0.769 |        - |    0.769
01:30:52.608 | pan-update   |    586.1 |    -84.5 |    0.907 |    0.907 |    0.907
01:30:52.639 | pan-update   |    484.4 |   -186.2 |    1.000 |    1.000 |    1.000
01:30:52.679 | up           |    418.5 |   -252.1 |    1.000 |        - |    1.000
01:30:52.679 | pan-end      |    418.5 |   -252.1 |    1.000 |        - |    1.000
01:30:52.716 | post-up-35ms |    418.5 |   -252.1 |    1.000 |        - |    1.000
================================================================================


================================================================================
SCROLL TRANSACTION TRACE: [SES-1790447453-193] on [Finder]
Target: AXCell | Scrollbar: AXScrollBar (<AXUIElement 0x7fd1ad44f1c0> {pid=511})
Initial AXValue: 1.000 | Last Requested: 0.700
Value at UP: 0.700 | +35ms: 0.700 | +100ms: 0.700
Coalesced / Skipped writes: 2
Classification: [NORMAL_STABLE]
--------------------------------------------------------------------------------
Timestamp    | Phase        |  FingerY |   DeltaY |   ReqVal |  AXWrite | Readback
--------------------------------------------------------------------------------
01:30:53.280 | down         |    533.0 |     +0.0 |    1.000 |        - |    1.000
01:30:53.336 | pan-start    |    571.4 |    +38.4 |    1.000 |        - |    1.000
01:30:53.363 | pan-update   |    617.2 |    +84.2 |    0.862 |    0.862 |    0.862
01:30:53.393 | pan-update   |    716.5 |   +183.5 |    0.700 |    0.700 |    0.700
01:30:53.414 | up           |    751.2 |   +218.1 |    0.700 |        - |    0.700
01:30:53.414 | pan-end      |    751.2 |   +218.1 |    0.700 |        - |    0.700
01:30:53.451 | post-up-35ms |    751.2 |   +218.1 |    0.700 |        - |    0.700
================================================================================


================================================================================
SCROLL TRANSACTION TRACE: [SES-1790447454-712] on [Finder]
Target: AXStaticText | Scrollbar: AXScrollBar (<AXUIElement 0x7fd1ad25b1d0> {pid=511})
Initial AXValue: 0.700 | Last Requested: 0.536
Value at UP: 0.536 | +35ms: 0.536 | +100ms: 0.536
Coalesced / Skipped writes: 1
Classification: [NORMAL_STABLE]
--------------------------------------------------------------------------------
Timestamp    | Phase        |  FingerY |   DeltaY |   ReqVal |  AXWrite | Readback
--------------------------------------------------------------------------------
01:30:54.019 | down         |    469.7 |     +0.0 |    0.700 |        - |    0.700
01:30:54.066 | pan-start    |    515.6 |    +45.8 |    0.700 |        - |    0.700
01:30:54.095 | pan-update   |    570.2 |   +100.5 |    0.536 |    0.536 |    0.536
01:30:54.113 | up           |    634.6 |   +164.9 |    0.536 |        - |    0.536
01:30:54.114 | pan-end      |    634.6 |   +164.9 |    0.536 |        - |    0.536
01:30:54.149 | post-up-35ms |    634.6 |   +164.9 |    0.536 |        - |    0.536
================================================================================


================================================================================
SCROLL TRANSACTION TRACE: [SES-1790447455-101] on [Finder]
Target: AXCell | Scrollbar: AXScrollBar (<AXUIElement 0x7fd1ad413a20> {pid=511})
Initial AXValue: 0.536 | Last Requested: 0.228
Value at UP: 0.228 | +35ms: 0.228 | +100ms: 0.228
Coalesced / Skipped writes: 5
Classification: [NORMAL_STABLE]
--------------------------------------------------------------------------------
Timestamp    | Phase        |  FingerY |   DeltaY |   ReqVal |  AXWrite | Readback
--------------------------------------------------------------------------------
01:30:55.027 | down         |    571.4 |     +0.0 |    0.536 |        - |    0.536
01:30:55.027 | pan-start    |    472.0 |    -99.5 |    0.536 |        - |    0.536
01:30:55.069 | pan-update   |    472.2 |    -99.2 |    0.698 |    0.698 |    0.698
01:30:55.103 | pan-update   |    616.1 |    +44.7 |    0.463 |    0.463 |    0.463
01:30:55.131 | pan-update   |    684.2 |   +112.8 |    0.352 |    0.352 |    0.352
01:30:55.162 | pan-update   |    721.4 |   +150.0 |    0.291 |    0.291 |    0.291
01:30:55.195 | pan-update   |    760.0 |   +188.5 |    0.228 |    0.228 |    0.228
01:30:55.218 | up           |    795.9 |   +224.4 |    0.228 |        - |    0.228
01:30:55.218 | pan-end      |    795.9 |   +224.4 |    0.228 |        - |    0.228
01:30:55.254 | post-up-35ms |    795.9 |   +224.4 |    0.228 |        - |    0.228
================================================================================


================================================================================
SCROLL TRANSACTION TRACE: [SES-1790447455-911] on [Finder]
Target: AXStaticText | Scrollbar: AXScrollBar (<AXUIElement 0x7fd1a7dfa0f0> {pid=511})
Initial AXValue: 0.228 | Last Requested: 0.000
Value at UP: 0.000 | +35ms: 0.000 | +100ms: 0.000
Coalesced / Skipped writes: 4
Classification: [NORMAL_STABLE]
--------------------------------------------------------------------------------
Timestamp    | Phase        |  FingerY |   DeltaY |   ReqVal |  AXWrite | Readback
--------------------------------------------------------------------------------
01:30:55.589 | down         |    463.3 |     +0.0 |    0.228 |        - |    0.228
01:30:55.619 | pan-start    |    576.2 |   +113.0 |    0.228 |        - |    0.228
01:30:55.642 | pan-update   |    602.3 |   +139.0 |    0.001 |    0.001 |    0.001
01:30:55.680 | pan-update   |    512.8 |    +49.6 |    0.147 |    0.147 |    0.147
01:30:55.706 | pan-update   |    645.7 |   +182.4 |    0.000 |    0.000 |    0.000
01:30:55.747 | up           |    741.3 |   +278.0 |    0.000 |        - |    0.000
01:30:55.747 | pan-end      |    741.3 |   +278.0 |    0.000 |        - |    0.000
01:30:55.782 | post-up-35ms |    741.3 |   +278.0 |    0.000 |        - |    0.000
================================================================================


================================================================================
SCROLL TRANSACTION TRACE: [SES-1790447456-450] on [Finder]
Target: AXStaticText | Scrollbar: AXScrollBar (<AXUIElement 0x7fd1ad456250> {pid=511})
Initial AXValue: 0.000 | Last Requested: 0.619
Value at UP: 0.619 | +35ms: 0.619 | +100ms: 0.619
Coalesced / Skipped writes: 6
Classification: [NORMAL_STABLE]
--------------------------------------------------------------------------------
Timestamp    | Phase        |  FingerY |   DeltaY |   ReqVal |  AXWrite | Readback
--------------------------------------------------------------------------------
01:30:56.332 | down         |    693.1 |     +0.0 |    0.000 |        - |    0.000
01:30:56.425 | pan-start    |    641.1 |    -52.1 |    0.000 |        - |    0.000
01:30:56.455 | pan-update   |    597.6 |    -95.6 |    0.156 |    0.156 |    0.156
01:30:56.486 | pan-update   |    540.6 |   -152.5 |    0.249 |    0.249 |    0.249
01:30:56.516 | pan-update   |    481.0 |   -212.1 |    0.347 |    0.347 |    0.347
01:30:56.550 | pan-update   |    405.1 |   -288.0 |    0.471 |    0.471 |    0.471
01:30:56.578 | pan-update   |    364.1 |   -329.0 |    0.538 |    0.538 |    0.538
01:30:56.610 | pan-update   |    314.5 |   -378.6 |    0.619 |    0.619 |    0.619
01:30:56.632 | up           |    292.2 |   -400.9 |    0.619 |        - |    0.619
01:30:56.633 | pan-end      |    292.2 |   -400.9 |    0.619 |        - |    0.619
01:30:56.669 | post-up-35ms |    292.2 |   -400.9 |    0.619 |        - |    0.619
================================================================================


================================================================================
SCROLL TRANSACTION TRACE: [SES-1790447457-722] on [Finder]
Target: AXStaticText | Scrollbar: AXScrollBar (<AXUIElement 0x7fd1ad431390> {pid=511})
Initial AXValue: 0.619 | Last Requested: 1.000
Value at UP: 1.000 | +35ms: 1.000 | +100ms: 1.000
Coalesced / Skipped writes: 2
Classification: [NORMAL_STABLE]
--------------------------------------------------------------------------------
Timestamp    | Phase        |  FingerY |   DeltaY |   ReqVal |  AXWrite | Readback
--------------------------------------------------------------------------------
01:30:57.210 | down         |    679.2 |     +0.0 |    0.619 |        - |    0.619
01:30:57.226 | pan-start    |    643.2 |    -36.1 |    0.619 |        - |    0.619
01:30:57.252 | pan-update   |    576.1 |   -103.1 |    0.787 |    0.787 |    0.787
01:30:57.281 | pan-update   |    452.0 |   -227.2 |    0.990 |    0.990 |    0.990
01:30:57.311 | pan-update   |    361.3 |   -317.9 |    1.000 |    1.000 |    1.000
01:30:57.320 | up           |    361.3 |   -317.9 |    1.000 |        - |    1.000
01:30:57.320 | pan-end      |    361.3 |   -317.9 |    1.000 |        - |    1.000
01:30:57.356 | post-up-35ms |    361.3 |   -317.9 |    1.000 |        - |    1.000
================================================================================


================================================================================
SCROLL TRANSACTION TRACE: [SES-1790447457-573] on [Finder]
Target: AXStaticText | Scrollbar: AXScrollBar (<AXUIElement 0x7fd1a795b0b0> {pid=511})
Initial AXValue: 1.000 | Last Requested: 0.806
Value at UP: 0.806 | +35ms: 0.806 | +100ms: 0.806
Coalesced / Skipped writes: 0
Classification: [NORMAL_STABLE]
--------------------------------------------------------------------------------
Timestamp    | Phase        |  FingerY |   DeltaY |   ReqVal |  AXWrite | Readback
--------------------------------------------------------------------------------
01:30:57.868 | down         |    527.6 |     +0.0 |    1.000 |        - |    1.000
01:30:57.930 | pan-start    |    587.2 |    +59.5 |    1.000 |        - |    1.000
01:30:57.958 | pan-update   |    646.7 |   +119.0 |    0.806 |    0.806 |    0.806
01:30:57.960 | up           |    646.7 |   +119.0 |    0.806 |        - |    0.806
01:30:57.960 | pan-end      |    646.7 |   +119.0 |    0.806 |        - |    0.806
01:30:57.997 | post-up-35ms |    646.7 |   +119.0 |    0.806 |        - |    0.806
================================================================================


================================================================================
SCROLL TRANSACTION TRACE: [SES-1790447458-334] on [Finder]
Target: AXCell | Scrollbar: AXScrollBar (<AXUIElement 0x7fd1ad471d00> {pid=511})
Initial AXValue: 0.806 | Last Requested: 0.504
Value at UP: 0.504 | +35ms: 0.504 | +100ms: 0.504
Coalesced / Skipped writes: 2
Classification: [NORMAL_STABLE]
--------------------------------------------------------------------------------
Timestamp    | Phase        |  FingerY |   DeltaY |   ReqVal |  AXWrite | Readback
--------------------------------------------------------------------------------
01:30:58.482 | down         |    551.5 |     +0.0 |    0.806 |        - |    0.806
01:30:58.484 | pan-start    |    473.2 |    -78.3 |    0.806 |        - |    0.806
01:30:58.507 | pan-update   |    555.0 |     +3.5 |    0.800 |    0.800 |    0.800
01:30:58.544 | pan-update   |    634.5 |    +83.0 |    0.670 |    0.670 |    0.670
01:30:58.573 | pan-update   |    735.9 |   +184.4 |    0.504 |    0.504 |    0.504
01:30:58.579 | up           |    735.9 |   +184.4 |    0.504 |        - |    0.504
01:30:58.580 | pan-end      |    735.9 |   +184.4 |    0.504 |        - |    0.504
01:30:58.615 | post-up-35ms |    735.9 |   +184.4 |    0.504 |        - |    0.504
================================================================================


================================================================================
SCROLL TRANSACTION TRACE: [SES-1790447459-764] on [Finder]
Target: AXStaticText | Scrollbar: AXScrollBar (<AXUIElement 0x7fd1a7dfa0f0> {pid=511})
Initial AXValue: 0.504 | Last Requested: 0.000
Value at UP: 0.000 | +35ms: 0.000 | +100ms: 0.000
Coalesced / Skipped writes: 7
Classification: [NORMAL_STABLE]
--------------------------------------------------------------------------------
Timestamp    | Phase        |  FingerY |   DeltaY |   ReqVal |  AXWrite | Readback
--------------------------------------------------------------------------------
01:30:59.052 | down         |    445.9 |     +0.0 |    0.504 |        - |    0.504
01:30:59.146 | pan-start    |    493.1 |    +47.2 |    0.504 |        - |    0.504
01:30:59.174 | pan-update   |    545.2 |    +99.3 |    0.342 |    0.342 |    0.342
01:30:59.202 | pan-update   |    628.2 |   +182.4 |    0.206 |    0.206 |    0.206
01:30:59.234 | pan-update   |    687.7 |   +241.9 |    0.109 |    0.109 |    0.109
01:30:59.266 | pan-update   |    747.3 |   +301.4 |    0.012 |    0.012 |    0.012
01:30:59.296 | pan-update   |    790.7 |   +344.9 |    0.000 |    0.000 |    0.000
01:30:59.352 | up           |    860.2 |   +414.3 |    0.000 |        - |    0.000
01:30:59.353 | pan-end      |    860.2 |   +414.3 |    0.000 |        - |    0.000
01:30:59.388 | post-up-35ms |    860.2 |   +414.3 |    0.000 |        - |    0.000
================================================================================


================================================================================
SCROLL TRANSACTION TRACE: [SES-1790447459-887] on [Finder]
Target: AXStaticText | Scrollbar: AXScrollBar (<AXUIElement 0x7fd1ad25ece0> {pid=511})
Initial AXValue: 0.000 | Last Requested: 0.784
Value at UP: 0.784 | +35ms: 0.784 | +100ms: 0.784
Coalesced / Skipped writes: 13
Classification: [NORMAL_STABLE]
--------------------------------------------------------------------------------
Timestamp    | Phase        |  FingerY |   DeltaY |   ReqVal |  AXWrite | Readback
--------------------------------------------------------------------------------
01:30:59.830 | down         |    736.2 |     +0.0 |    0.000 |        - |    0.000
01:30:59.831 | pan-start    |    608.3 |   -127.8 |    0.000 |        - |    0.000
01:30:59.910 | pan-update   |    735.0 |     -1.2 |    0.002 |    0.002 |    0.002
01:30:59.952 | pan-update   |    684.1 |    -52.0 |    0.085 |    0.085 |    0.085
01:30:59.984 | pan-update   |    615.8 |   -120.4 |    0.197 |    0.197 |    0.197
01:31:00.017 | pan-update   |    577.4 |   -158.8 |    0.259 |    0.259 |    0.259
01:31:00.048 | pan-update   |    540.2 |   -196.0 |    0.320 |    0.320 |    0.320
01:31:00.075 | pan-update   |    504.5 |   -231.7 |    0.379 |    0.379 |    0.379
01:31:00.113 | pan-update   |    472.1 |   -264.0 |    0.431 |    0.431 |    0.431
01:31:00.139 | pan-update   |    437.5 |   -298.7 |    0.488 |    0.488 |    0.488
01:31:00.173 | pan-update   |    407.7 |   -328.4 |    0.537 |    0.537 |    0.537
01:31:00.203 | pan-update   |    375.4 |   -360.8 |    0.590 |    0.590 |    0.590
01:31:00.238 | pan-update   |    340.8 |   -395.4 |    0.646 |    0.646 |    0.646
01:31:00.268 | pan-update   |    299.8 |   -436.4 |    0.713 |    0.713 |    0.713
01:31:00.305 | pan-update   |    256.2 |   -479.9 |    0.784 |    0.784 |    0.784
01:31:00.324 | up           |    235.3 |   -500.9 |    0.784 |        - |    0.784
01:31:00.325 | pan-end      |    235.3 |   -500.9 |    0.784 |        - |    0.784
01:31:00.360 | post-up-35ms |    235.3 |   -500.9 |    0.784 |        - |    0.784
================================================================================


================================================================================
SCROLL TRANSACTION TRACE: [SES-1790447460-153] on [Finder]
Target: AXStaticText | Scrollbar: AXScrollBar (<AXUIElement 0x7fd1ad242610> {pid=511})
Initial AXValue: 0.784 | Last Requested: 1.000
Value at UP: 1.000 | +35ms: 1.000 | +100ms: 1.000
Coalesced / Skipped writes: 12
Classification: [NORMAL_STABLE]
--------------------------------------------------------------------------------
Timestamp    | Phase        |  FingerY |   DeltaY |   ReqVal |  AXWrite | Readback
--------------------------------------------------------------------------------
01:31:00.894 | down         |    753.8 |     +0.0 |    0.784 |        - |    0.784
01:31:00.971 | pan-start    |    578.8 |   -175.1 |    0.784 |        - |    0.784
01:31:01.012 | pan-update   |    578.8 |   -175.1 |    1.000 |    1.000 |    1.000
01:31:01.046 | pan-update   |    735.2 |    -18.6 |    0.815 |    0.815 |    0.815
01:31:01.075 | pan-update   |    632.2 |   -121.6 |    0.983 |    0.983 |    0.983
01:31:01.105 | pan-update   |    561.5 |   -192.3 |    1.000 |    1.000 |    1.000
01:31:01.258 | up           |    323.0 |   -430.8 |    1.000 |        - |    1.000
01:31:01.258 | pan-end      |    323.0 |   -430.8 |    1.000 |        - |    1.000
01:31:01.296 | post-up-35ms |    323.0 |   -430.8 |    1.000 |        - |    1.000
================================================================================


================================================================================
SCROLL TRANSACTION TRACE: [SES-1790449117-535] on [TouchBridgeProbe]
Target: AXTextArea | Scrollbar: AXScrollBar (<AXUIElement 0x600001c410e0> {pid=18265})
Initial AXValue: 0.000 | Last Requested: 0.082
Value at UP: 0.082 | +35ms: 0.082 | +100ms: 0.082
Coalesced / Skipped writes: 0
Classification: [NORMAL_STABLE]
--------------------------------------------------------------------------------
Timestamp    | Phase        |  FingerY |   DeltaY |   ReqVal |  AXWrite | Readback
--------------------------------------------------------------------------------
01:58:37.874 | down         |    660.0 |     +0.0 |    0.000 |        - |    0.000
01:58:38.089 | pan-start    |    639.0 |    -21.0 |    0.000 |        - |    0.000
01:58:38.090 | pan-update   |    639.0 |    -21.0 |    0.038 |    0.038 |    0.038
01:58:38.121 | pan-update   |    636.0 |    -24.0 |    0.044 |    0.044 |    0.044
01:58:38.151 | pan-update   |    633.0 |    -27.0 |    0.049 |    0.049 |    0.049
01:58:38.182 | pan-update   |    630.0 |    -30.0 |    0.055 |    0.055 |    0.055
01:58:38.214 | pan-update   |    627.0 |    -33.0 |    0.060 |    0.060 |    0.060
01:58:38.246 | pan-update   |    624.0 |    -36.0 |    0.065 |    0.065 |    0.065
01:58:38.277 | pan-update   |    621.0 |    -39.0 |    0.071 |    0.071 |    0.071
01:58:38.308 | pan-update   |    618.0 |    -42.0 |    0.076 |    0.076 |    0.076
01:58:38.339 | pan-update   |    615.0 |    -45.0 |    0.082 |    0.082 |    0.082
01:58:38.339 | up           |    615.0 |    -45.0 |    0.082 |        - |    0.082
01:58:38.339 | pan-end      |    615.0 |    -45.0 |    0.082 |        - |    0.082
01:58:38.374 | post-up-35ms |    615.0 |    -45.0 |    0.082 |        - |    0.082
================================================================================


================================================================================
SCROLL TRANSACTION TRACE: [SES-1790449118-428] on [TouchBridgeProbe]
Target: AXTextArea | Scrollbar: AXScrollBar (<AXUIElement 0x600001c5edc0> {pid=18265})
Initial AXValue: 0.082 | Last Requested: 0.482
Value at UP: 0.482 | +35ms: 0.482 | +100ms: 0.482
Coalesced / Skipped writes: 0
Classification: [NORMAL_STABLE]
--------------------------------------------------------------------------------
Timestamp    | Phase        |  FingerY |   DeltaY |   ReqVal |  AXWrite | Readback
--------------------------------------------------------------------------------
01:58:38.755 | down         |    660.0 |     +0.0 |    0.082 |        - |    0.082
01:58:38.788 | pan-start    |    638.0 |    -22.0 |    0.082 |        - |    0.082
01:58:38.789 | pan-update   |    638.0 |    -22.0 |    0.122 |    0.122 |    0.122
01:58:38.806 | pan-update   |    627.0 |    -33.0 |    0.142 |    0.142 |    0.142
01:58:38.822 | pan-update   |    616.0 |    -44.0 |    0.162 |    0.162 |    0.162
01:58:38.840 | pan-update   |    605.0 |    -55.0 |    0.182 |    0.182 |    0.182
01:58:38.856 | pan-update   |    594.0 |    -66.0 |    0.202 |    0.202 |    0.202
01:58:38.873 | pan-update   |    583.0 |    -77.0 |    0.222 |    0.222 |    0.222
01:58:38.890 | pan-update   |    572.0 |    -88.0 |    0.242 |    0.242 |    0.242
01:58:38.907 | pan-update   |    561.0 |    -99.0 |    0.262 |    0.262 |    0.262
01:58:38.923 | pan-update   |    550.0 |   -110.0 |    0.282 |    0.282 |    0.282
01:58:38.940 | pan-update   |    539.0 |   -121.0 |    0.302 |    0.302 |    0.302
01:58:38.956 | pan-update   |    528.0 |   -132.0 |    0.322 |    0.322 |    0.322
01:58:38.974 | pan-update   |    517.0 |   -143.0 |    0.342 |    0.342 |    0.342
01:58:38.991 | pan-update   |    506.0 |   -154.0 |    0.362 |    0.362 |    0.362
01:58:39.008 | pan-update   |    495.0 |   -165.0 |    0.382 |    0.382 |    0.382
01:58:39.024 | pan-update   |    484.0 |   -176.0 |    0.402 |    0.402 |    0.402
01:58:39.041 | pan-update   |    473.0 |   -187.0 |    0.422 |    0.422 |    0.422
01:58:39.058 | pan-update   |    462.0 |   -198.0 |    0.442 |    0.442 |    0.442
01:58:39.074 | pan-update   |    451.0 |   -209.0 |    0.462 |    0.462 |    0.462
01:58:39.091 | pan-update   |    440.0 |   -220.0 |    0.482 |    0.482 |    0.482
01:58:39.091 | up           |    440.0 |   -220.0 |    0.482 |        - |    0.482
01:58:39.091 | pan-end      |    440.0 |   -220.0 |    0.482 |        - |    0.482
01:58:39.128 | post-up-35ms |    440.0 |   -220.0 |    0.482 |        - |    0.482
================================================================================


================================================================================
SCROLL TRANSACTION TRACE: [SES-1790449119-797] on [TouchBridgeProbe]
Target: AXTextArea | Scrollbar: AXScrollBar (<AXUIElement 0x600001cb7180> {pid=18265})
Initial AXValue: 0.482 | Last Requested: 0.773
Value at UP: 0.773 | +35ms: 0.773 | +100ms: 0.773
Coalesced / Skipped writes: 2
Classification: [NORMAL_STABLE]
--------------------------------------------------------------------------------
Timestamp    | Phase        |  FingerY |   DeltaY |   ReqVal |  AXWrite | Readback
--------------------------------------------------------------------------------
01:58:39.508 | down         |    660.0 |     +0.0 |    0.482 |        - |    0.482
01:58:39.518 | pan-start    |    620.0 |    -40.0 |    0.482 |        - |    0.482
01:58:39.526 | pan-update   |    580.0 |    -80.0 |    0.627 |    0.627 |    0.627
01:58:39.544 | pan-update   |    500.0 |   -160.0 |    0.773 |    0.773 |    0.773
01:58:39.544 | up           |    500.0 |   -160.0 |    0.773 |        - |    0.773
01:58:39.544 | pan-end      |    500.0 |   -160.0 |    0.773 |        - |    0.773
01:58:39.580 | post-up-35ms |    500.0 |   -160.0 |    0.773 |        - |    0.773
================================================================================


================================================================================
SCROLL TRANSACTION TRACE: [SES-1790449119-966] on [TouchBridgeProbe]
Target: AXTextArea | Scrollbar: AXScrollBar (<AXUIElement 0x600001c44690> {pid=18265})
Initial AXValue: 0.773 | Last Requested: 0.955
Value at UP: 0.955 | +35ms: 0.955 | +100ms: 0.955
Coalesced / Skipped writes: 0
Classification: [NORMAL_STABLE]
--------------------------------------------------------------------------------
Timestamp    | Phase        |  FingerY |   DeltaY |   ReqVal |  AXWrite | Readback
--------------------------------------------------------------------------------
01:58:39.959 | down         |    660.0 |     +0.0 |    0.773 |        - |    0.773
01:58:40.000 | pan-start    |    640.0 |    -20.0 |    0.773 |        - |    0.773
01:58:40.001 | pan-update   |    640.0 |    -20.0 |    0.809 |    0.809 |    0.809
01:58:40.021 | pan-update   |    630.0 |    -30.0 |    0.827 |    0.827 |    0.827
01:58:40.042 | pan-update   |    620.0 |    -40.0 |    0.845 |    0.845 |    0.845
01:58:40.063 | pan-update   |    610.0 |    -50.0 |    0.864 |    0.864 |    0.864
01:58:40.084 | pan-update   |    600.0 |    -60.0 |    0.882 |    0.882 |    0.882
01:58:40.106 | pan-update   |    590.0 |    -70.0 |    0.900 |    0.900 |    0.900
01:58:40.127 | pan-update   |    580.0 |    -80.0 |    0.918 |    0.918 |    0.918
01:58:40.148 | pan-update   |    570.0 |    -90.0 |    0.936 |    0.936 |    0.936
01:58:40.168 | pan-update   |    560.0 |   -100.0 |    0.955 |    0.955 |    0.955
01:58:40.535 | up           |    560.0 |   -100.0 |    0.955 |        - |    0.955
01:58:40.535 | pan-end      |    560.0 |   -100.0 |    0.955 |        - |    0.955
01:58:40.571 | post-up-35ms |    560.0 |   -100.0 |    0.955 |        - |    0.955
================================================================================


================================================================================
SCROLL TRANSACTION TRACE: [SES-1790449120-211] on [TouchBridgeProbe]
Target: AXTextArea | Scrollbar: AXScrollBar (<AXUIElement 0x600001c42370> {pid=18265})
Initial AXValue: 0.955 | Last Requested: 1.000
Value at UP: 1.000 | +35ms: 1.000 | +100ms: 1.000
Coalesced / Skipped writes: 5
Classification: [NORMAL_STABLE]
--------------------------------------------------------------------------------
Timestamp    | Phase        |  FingerY |   DeltaY |   ReqVal |  AXWrite | Readback
--------------------------------------------------------------------------------
01:58:40.958 | down         |    660.0 |     +0.0 |    0.955 |        - |    0.955
01:58:40.992 | pan-start    |    640.0 |    -20.0 |    0.955 |        - |    0.955
01:58:40.992 | pan-update   |    640.0 |    -20.0 |    0.991 |    0.991 |    0.991
01:58:41.009 | pan-update   |    630.0 |    -30.0 |    1.000 |    1.000 |    1.000
01:58:41.092 | up           |    580.0 |    -80.0 |    1.000 |        - |    1.000
01:58:41.092 | pan-end      |    580.0 |    -80.0 |    1.000 |        - |    1.000
01:58:41.127 | post-up-35ms |    580.0 |    -80.0 |    1.000 |        - |    1.000
================================================================================


================================================================================
SCROLL TRANSACTION TRACE: [SES-1790449121-718] on [TouchBridgeProbe]
Target: AXTextArea | Scrollbar: AXScrollBar (<AXUIElement 0x600001c4ccc0> {pid=18265})
Initial AXValue: 1.000 | Last Requested: 1.000
Value at UP: 1.000 | +35ms: 1.000 | +100ms: 1.000
Coalesced / Skipped writes: 7
Classification: [NORMAL_STABLE]
--------------------------------------------------------------------------------
Timestamp    | Phase        |  FingerY |   DeltaY |   ReqVal |  AXWrite | Readback
--------------------------------------------------------------------------------
01:58:41.408 | down         |    660.0 |     +0.0 |    1.000 |        - |    1.000
01:58:41.442 | pan-start    |    640.0 |    -20.0 |    1.000 |        - |    1.000
01:58:41.541 | up           |    580.0 |    -80.0 |    1.000 |        - |    1.000
01:58:41.541 | pan-end      |    580.0 |    -80.0 |    1.000 |        - |    1.000
01:58:41.577 | post-up-35ms |    580.0 |    -80.0 |    1.000 |        - |    1.000
================================================================================


================================================================================
SCROLL TRANSACTION TRACE: [SES-1790449121-656] on [TouchBridgeProbe]
Target: AXTextArea | Scrollbar: AXScrollBar (<AXUIElement 0x600001c5dce0> {pid=18265})
Initial AXValue: 1.000 | Last Requested: 1.000
Value at UP: 1.000 | +35ms: 1.000 | +100ms: 1.000
Coalesced / Skipped writes: 9
Classification: [NORMAL_STABLE]
--------------------------------------------------------------------------------
Timestamp    | Phase        |  FingerY |   DeltaY |   ReqVal |  AXWrite | Readback
--------------------------------------------------------------------------------
01:58:41.965 | down         |    660.0 |     +0.0 |    1.000 |        - |    1.000
01:58:41.997 | pan-start    |    636.0 |    -24.0 |    1.000 |        - |    1.000
01:58:42.133 | up           |    540.0 |   -120.0 |    1.000 |        - |    1.000
01:58:42.133 | pan-end      |    540.0 |   -120.0 |    1.000 |        - |    1.000
01:58:42.168 | post-up-35ms |    540.0 |   -120.0 |    1.000 |        - |    1.000
================================================================================


================================================================================
SCROLL TRANSACTION TRACE: [SES-1790449122-231] on [TouchBridgeProbe]
Target: AXTextArea | Scrollbar: AXScrollBar (<AXUIElement 0x600001c44e40> {pid=18265})
Initial AXValue: 1.000 | Last Requested: 0.782
Value at UP: 0.782 | +35ms: 0.782 | +100ms: 0.782
Coalesced / Skipped writes: 0
Classification: [NORMAL_STABLE]
--------------------------------------------------------------------------------
Timestamp    | Phase        |  FingerY |   DeltaY |   ReqVal |  AXWrite | Readback
--------------------------------------------------------------------------------
01:58:42.447 | down         |    660.0 |     +0.0 |    1.000 |        - |    1.000
01:58:42.480 | pan-start    |    684.0 |    +24.0 |    1.000 |        - |    1.000
01:58:42.481 | pan-update   |    684.0 |    +24.0 |    0.956 |    0.956 |    0.956
01:58:42.497 | pan-update   |    696.0 |    +36.0 |    0.935 |    0.935 |    0.935
01:58:42.514 | pan-update   |    708.0 |    +48.0 |    0.913 |    0.913 |    0.913
01:58:42.531 | pan-update   |    720.0 |    +60.0 |    0.891 |    0.891 |    0.891
01:58:42.547 | pan-update   |    732.0 |    +72.0 |    0.869 |    0.869 |    0.869
01:58:42.564 | pan-update   |    744.0 |    +84.0 |    0.847 |    0.847 |    0.847
01:58:42.581 | pan-update   |    756.0 |    +96.0 |    0.825 |    0.825 |    0.825
01:58:42.598 | pan-update   |    768.0 |   +108.0 |    0.804 |    0.804 |    0.804
01:58:42.615 | pan-update   |    780.0 |   +120.0 |    0.782 |    0.782 |    0.782
01:58:42.615 | up           |    780.0 |   +120.0 |    0.782 |        - |    0.782
01:58:42.616 | pan-end      |    780.0 |   +120.0 |    0.782 |        - |    0.782
01:58:42.651 | post-up-35ms |    780.0 |   +120.0 |    0.782 |        - |    0.782
================================================================================


================================================================================
SCROLL TRANSACTION TRACE: [SES-1790449137-634] on [TextEdit]
Target: AXTextArea | Scrollbar: AXScrollBar (<AXUIElement 0x600002424b70> {pid=11843})
Initial AXValue: 0.000 | Last Requested: 0.065
Value at UP: 0.065 | +35ms: 0.065 | +100ms: 0.065
Coalesced / Skipped writes: 0
Classification: [NORMAL_STABLE]
--------------------------------------------------------------------------------
Timestamp    | Phase        |  FingerY |   DeltaY |   ReqVal |  AXWrite | Readback
--------------------------------------------------------------------------------
01:58:57.010 | down         |    560.0 |     +0.0 |    0.000 |        - |    0.000
01:58:57.227 | pan-start    |    539.0 |    -21.0 |    0.000 |        - |    0.000
01:58:57.238 | pan-update   |    539.0 |    -21.0 |    0.030 |    0.030 |    0.031
01:58:57.276 | pan-update   |    536.0 |    -24.0 |    0.035 |    0.035 |    0.035
01:58:57.314 | pan-update   |    533.0 |    -27.0 |    0.039 |    0.039 |    0.039
01:58:57.351 | pan-update   |    530.0 |    -30.0 |    0.043 |    0.043 |    0.043
01:58:57.390 | pan-update   |    527.0 |    -33.0 |    0.048 |    0.048 |    0.048
01:58:57.427 | pan-update   |    524.0 |    -36.0 |    0.052 |    0.052 |    0.052
01:58:57.464 | pan-update   |    521.0 |    -39.0 |    0.056 |    0.056 |    0.057
01:58:57.500 | pan-update   |    518.0 |    -42.0 |    0.061 |    0.061 |    0.061
01:58:57.540 | pan-update   |    515.0 |    -45.0 |    0.065 |    0.065 |    0.065
01:58:57.540 | up           |    515.0 |    -45.0 |    0.065 |        - |    0.065
01:58:57.540 | pan-end      |    515.0 |    -45.0 |    0.065 |        - |    0.065
01:58:57.577 | post-up-35ms |    515.0 |    -45.0 |    0.065 |        - |    0.065
================================================================================


================================================================================
SCROLL TRANSACTION TRACE: [SES-1790449137-107] on [TextEdit]
Target: AXTextArea | Scrollbar: AXScrollBar (<AXUIElement 0x600002420f00> {pid=11843})
Initial AXValue: 0.065 | Last Requested: 0.383
Value at UP: 0.383 | +35ms: 0.389 | +100ms: 0.389
Coalesced / Skipped writes: 0
Classification: [NORMAL_STABLE]
--------------------------------------------------------------------------------
Timestamp    | Phase        |  FingerY |   DeltaY |   ReqVal |  AXWrite | Readback
--------------------------------------------------------------------------------
01:58:57.971 | down         |    560.0 |     +0.0 |    0.065 |        - |    0.065
01:58:58.004 | pan-start    |    538.0 |    -22.0 |    0.065 |        - |    0.065
01:58:58.014 | pan-update   |    538.0 |    -22.0 |    0.097 |    0.097 |    0.101
01:58:58.033 | pan-update   |    527.0 |    -33.0 |    0.113 |    0.113 |    0.113
01:58:58.052 | pan-update   |    516.0 |    -44.0 |    0.129 |    0.129 |    0.129
01:58:58.069 | pan-update   |    505.0 |    -55.0 |    0.145 |    0.145 |    0.145
01:58:58.087 | pan-update   |    494.0 |    -66.0 |    0.161 |    0.161 |    0.161
01:58:58.103 | pan-update   |    483.0 |    -77.0 |    0.177 |    0.177 |    0.177
01:58:58.121 | pan-update   |    472.0 |    -88.0 |    0.193 |    0.193 |    0.193
01:58:58.138 | pan-update   |    461.0 |    -99.0 |    0.209 |    0.209 |    0.209
01:58:58.155 | pan-update   |    450.0 |   -110.0 |    0.224 |    0.224 |    0.224
01:58:58.173 | pan-update   |    439.0 |   -121.0 |    0.240 |    0.240 |    0.240
01:58:58.191 | pan-update   |    428.0 |   -132.0 |    0.256 |    0.256 |    0.256
01:58:58.208 | pan-update   |    417.0 |   -143.0 |    0.272 |    0.272 |    0.272
01:58:58.231 | pan-update   |    406.0 |   -154.0 |    0.288 |    0.288 |    0.292
01:58:58.248 | pan-update   |    395.0 |   -165.0 |    0.304 |    0.304 |    0.304
01:58:58.266 | pan-update   |    384.0 |   -176.0 |    0.320 |    0.320 |    0.320
01:58:58.282 | pan-update   |    373.0 |   -187.0 |    0.336 |    0.336 |    0.336
01:58:58.300 | pan-update   |    362.0 |   -198.0 |    0.352 |    0.352 |    0.352
01:58:58.317 | pan-update   |    351.0 |   -209.0 |    0.368 |    0.368 |    0.368
01:58:58.335 | pan-update   |    340.0 |   -220.0 |    0.383 |    0.383 |    0.383
01:58:58.335 | up           |    340.0 |   -220.0 |    0.383 |        - |    0.383
01:58:58.335 | pan-end      |    340.0 |   -220.0 |    0.383 |        - |    0.383
01:58:58.371 | post-up-35ms |    340.0 |   -220.0 |    0.383 |        - |    0.389
================================================================================


================================================================================
SCROLL TRANSACTION TRACE: [SES-1790449138-847] on [TextEdit]
Target: AXTextArea | Scrollbar: AXScrollBar (<AXUIElement 0x600002424cc0> {pid=11843})
Initial AXValue: 0.389 | Last Requested: 0.620
Value at UP: 0.655 | +35ms: 0.655 | +100ms: 0.655
Coalesced / Skipped writes: 2
Classification: [NORMAL_STABLE]
--------------------------------------------------------------------------------
Timestamp    | Phase        |  FingerY |   DeltaY |   ReqVal |  AXWrite | Readback
--------------------------------------------------------------------------------
01:58:58.778 | down         |    560.0 |     +0.0 |    0.389 |        - |    0.389
01:58:58.787 | pan-start    |    520.0 |    -40.0 |    0.389 |        - |    0.389
01:58:58.816 | pan-update   |    480.0 |    -80.0 |    0.504 |    0.504 |    0.569
01:58:58.846 | pan-update   |    400.0 |   -160.0 |    0.620 |    0.620 |    0.655
01:58:58.846 | up           |    400.0 |   -160.0 |    0.620 |        - |    0.655
01:58:58.847 | pan-end      |    400.0 |   -160.0 |    0.620 |        - |    0.655
01:58:58.883 | post-up-35ms |    400.0 |   -160.0 |    0.620 |        - |    0.655
================================================================================


================================================================================
SCROLL TRANSACTION TRACE: [SES-1790449139-229] on [TextEdit]
Target: AXTextArea | Scrollbar: AXScrollBar (<AXUIElement 0x600002415080> {pid=11843})
Initial AXValue: 0.655 | Last Requested: 0.800
Value at UP: 0.805 | +35ms: 0.805 | +100ms: 0.805
Coalesced / Skipped writes: 0
Classification: [NORMAL_STABLE]
--------------------------------------------------------------------------------
Timestamp    | Phase        |  FingerY |   DeltaY |   ReqVal |  AXWrite | Readback
--------------------------------------------------------------------------------
01:58:59.280 | down         |    560.0 |     +0.0 |    0.655 |        - |    0.655
01:58:59.322 | pan-start    |    540.0 |    -20.0 |    0.655 |        - |    0.655
01:58:59.331 | pan-update   |    540.0 |    -20.0 |    0.684 |    0.684 |    0.704
01:58:59.353 | pan-update   |    530.0 |    -30.0 |    0.698 |    0.698 |    0.698
01:58:59.374 | pan-update   |    520.0 |    -40.0 |    0.713 |    0.713 |    0.713
01:58:59.397 | pan-update   |    510.0 |    -50.0 |    0.727 |    0.727 |    0.727
01:58:59.418 | pan-update   |    500.0 |    -60.0 |    0.742 |    0.742 |    0.742
01:58:59.440 | pan-update   |    490.0 |    -70.0 |    0.756 |    0.756 |    0.756
01:58:59.460 | pan-update   |    480.0 |    -80.0 |    0.771 |    0.771 |    0.771
01:58:59.482 | pan-update   |    470.0 |    -90.0 |    0.785 |    0.785 |    0.785
01:58:59.504 | pan-update   |    460.0 |   -100.0 |    0.800 |    0.800 |    0.800
01:58:59.869 | up           |    460.0 |   -100.0 |    0.800 |        - |    0.805
01:58:59.869 | pan-end      |    460.0 |   -100.0 |    0.800 |        - |    0.805
01:58:59.905 | post-up-35ms |    460.0 |   -100.0 |    0.800 |        - |    0.805
================================================================================


================================================================================
SCROLL TRANSACTION TRACE: [SES-1790449140-219] on [TextEdit]
Target: AXTextArea | Scrollbar: AXScrollBar (<AXUIElement 0x6000024215c0> {pid=11843})
Initial AXValue: 0.805 | Last Requested: 0.920
Value at UP: 0.926 | +35ms: 0.926 | +100ms: 0.926
Coalesced / Skipped writes: 0
Classification: [NORMAL_STABLE]
--------------------------------------------------------------------------------
Timestamp    | Phase        |  FingerY |   DeltaY |   ReqVal |  AXWrite | Readback
--------------------------------------------------------------------------------
01:59:00.300 | down         |    560.0 |     +0.0 |    0.805 |        - |    0.805
01:59:00.333 | pan-start    |    540.0 |    -20.0 |    0.805 |        - |    0.805
01:59:00.341 | pan-update   |    540.0 |    -20.0 |    0.833 |    0.833 |    0.854
01:59:00.361 | pan-update   |    530.0 |    -30.0 |    0.848 |    0.848 |    0.848
01:59:00.383 | pan-update   |    520.0 |    -40.0 |    0.862 |    0.862 |    0.874
01:59:00.404 | pan-update   |    510.0 |    -50.0 |    0.877 |    0.877 |    0.877
01:59:00.425 | pan-update   |    500.0 |    -60.0 |    0.891 |    0.891 |    0.903
01:59:00.447 | pan-update   |    490.0 |    -70.0 |    0.906 |    0.906 |    0.912
01:59:00.469 | pan-update   |    480.0 |    -80.0 |    0.920 |    0.920 |    0.926
01:59:00.469 | up           |    480.0 |    -80.0 |    0.920 |        - |    0.926
01:59:00.469 | pan-end      |    480.0 |    -80.0 |    0.920 |        - |    0.926
01:59:00.507 | post-up-35ms |    480.0 |    -80.0 |    0.920 |        - |    0.926
================================================================================


================================================================================
SCROLL TRANSACTION TRACE: [SES-1790449140-404] on [TextEdit]
Target: AXTextArea | Scrollbar: AXScrollBar (<AXUIElement 0x600002424d20> {pid=11843})
Initial AXValue: 0.926 | Last Requested: 1.000
Value at UP: 1.000 | +35ms: 1.000 | +100ms: 1.000
Coalesced / Skipped writes: 2
Classification: [NORMAL_STABLE]
--------------------------------------------------------------------------------
Timestamp    | Phase        |  FingerY |   DeltaY |   ReqVal |  AXWrite | Readback
--------------------------------------------------------------------------------
01:59:00.795 | down         |    560.0 |     +0.0 |    0.926 |        - |    0.926
01:59:00.829 | pan-start    |    540.0 |    -20.0 |    0.926 |        - |    0.926
01:59:00.836 | pan-update   |    540.0 |    -20.0 |    0.955 |    0.955 |    0.980
01:59:00.857 | pan-update   |    530.0 |    -30.0 |    0.969 |    0.969 |    0.969
01:59:00.878 | pan-update   |    520.0 |    -40.0 |    0.984 |    0.984 |    0.984
01:59:00.900 | pan-update   |    510.0 |    -50.0 |    0.998 |    0.998 |    0.998
01:59:00.920 | pan-update   |    500.0 |    -60.0 |    1.000 |    1.000 |    1.000
01:59:00.954 | up           |    480.0 |    -80.0 |    1.000 |        - |    1.000
01:59:00.954 | pan-end      |    480.0 |    -80.0 |    1.000 |        - |    1.000
01:59:00.992 | post-up-35ms |    480.0 |    -80.0 |    1.000 |        - |    1.000
================================================================================


================================================================================
SCROLL TRANSACTION TRACE: [SES-1790449141-255] on [TextEdit]
Target: AXTextArea | Scrollbar: AXScrollBar (<AXUIElement 0x6000024249c0> {pid=11843})
Initial AXValue: 1.000 | Last Requested: 1.000
Value at UP: 1.000 | +35ms: 1.000 | +100ms: 1.000
Coalesced / Skipped writes: 9
Classification: [NORMAL_STABLE]
--------------------------------------------------------------------------------
Timestamp    | Phase        |  FingerY |   DeltaY |   ReqVal |  AXWrite | Readback
--------------------------------------------------------------------------------
01:59:01.382 | down         |    560.0 |     +0.0 |    1.000 |        - |    1.000
01:59:01.417 | pan-start    |    536.0 |    -24.0 |    1.000 |        - |    1.000
01:59:01.551 | up           |    440.0 |   -120.0 |    1.000 |        - |    1.000
01:59:01.551 | pan-end      |    440.0 |   -120.0 |    1.000 |        - |    1.000
01:59:01.586 | post-up-35ms |    440.0 |   -120.0 |    1.000 |        - |    1.000
================================================================================


================================================================================
SCROLL TRANSACTION TRACE: [SES-1790449141-745] on [TextEdit]
Target: AXTextArea | Scrollbar: AXScrollBar (<AXUIElement 0x600002420f00> {pid=11843})
Initial AXValue: 1.000 | Last Requested: 0.827
Value at UP: 0.827 | +35ms: 0.827 | +100ms: 0.827
Coalesced / Skipped writes: 0
Classification: [NORMAL_STABLE]
--------------------------------------------------------------------------------
Timestamp    | Phase        |  FingerY |   DeltaY |   ReqVal |  AXWrite | Readback
--------------------------------------------------------------------------------
01:59:01.875 | down         |    560.0 |     +0.0 |    1.000 |        - |    1.000
01:59:01.908 | pan-start    |    584.0 |    +24.0 |    1.000 |        - |    1.000
01:59:01.914 | pan-update   |    584.0 |    +24.0 |    0.965 |    0.965 |    0.965
01:59:01.937 | pan-update   |    596.0 |    +36.0 |    0.948 |    0.948 |    0.948
01:59:01.962 | pan-update   |    608.0 |    +48.0 |    0.931 |    0.931 |    0.931
01:59:01.984 | pan-update   |    620.0 |    +60.0 |    0.913 |    0.913 |    0.913
01:59:02.001 | pan-update   |    632.0 |    +72.0 |    0.896 |    0.896 |    0.896
01:59:02.019 | pan-update   |    644.0 |    +84.0 |    0.879 |    0.879 |    0.879
01:59:02.036 | pan-update   |    656.0 |    +96.0 |    0.861 |    0.861 |    0.861
01:59:02.054 | pan-update   |    668.0 |   +108.0 |    0.844 |    0.844 |    0.844
01:59:02.072 | pan-update   |    680.0 |   +120.0 |    0.827 |    0.827 |    0.827
01:59:02.072 | up           |    680.0 |   +120.0 |    0.827 |        - |    0.827
01:59:02.072 | pan-end      |    680.0 |   +120.0 |    0.827 |        - |    0.827
01:59:02.108 | post-up-35ms |    680.0 |   +120.0 |    0.827 |        - |    0.827
================================================================================


================================================================================
SCROLL TRANSACTION TRACE: [SES-1790449143-670] on [TextEdit]
Target: AXTextArea | Scrollbar: AXScrollBar (<AXUIElement 0x600002424c30> {pid=11843})
Initial AXValue: 0.827 | Last Requested: 1.000
Value at UP: 1.000 | +35ms: 1.000 | +100ms: 1.000
Coalesced / Skipped writes: 0
Classification: [NORMAL_STABLE]
--------------------------------------------------------------------------------
Timestamp    | Phase        |  FingerY |   DeltaY |   ReqVal |  AXWrite | Readback
--------------------------------------------------------------------------------
01:59:03.336 | down         |    560.0 |     +0.0 |    0.827 |        - |    0.827
01:59:03.369 | pan-start    |    536.0 |    -24.0 |    0.827 |        - |    0.827
01:59:03.376 | pan-update   |    536.0 |    -24.0 |    0.861 |    0.861 |    0.861
01:59:03.398 | pan-update   |    524.0 |    -36.0 |    0.879 |    0.879 |    0.879
01:59:03.421 | pan-update   |    512.0 |    -48.0 |    0.896 |    0.896 |    0.896
01:59:03.444 | pan-update   |    500.0 |    -60.0 |    0.913 |    0.913 |    0.913
01:59:03.470 | pan-update   |    488.0 |    -72.0 |    0.931 |    0.931 |    0.931
01:59:03.497 | pan-update   |    476.0 |    -84.0 |    0.948 |    0.948 |    0.948
01:59:03.521 | pan-update   |    464.0 |    -96.0 |    0.965 |    0.965 |    0.965
01:59:03.543 | pan-update   |    452.0 |   -108.0 |    0.983 |    0.983 |    0.983
01:59:03.565 | pan-update   |    440.0 |   -120.0 |    1.000 |    1.000 |    1.000
01:59:03.565 | up           |    440.0 |   -120.0 |    1.000 |        - |    1.000
01:59:03.565 | pan-end      |    440.0 |   -120.0 |    1.000 |        - |    1.000
01:59:03.601 | post-up-35ms |    440.0 |   -120.0 |    1.000 |        - |    1.000
================================================================================


================================================================================
SCROLL TRANSACTION TRACE: [SES-1790449143-833] on [TextEdit]
Target: AXTextArea | Scrollbar: AXScrollBar (<AXUIElement 0x600002424a20> {pid=11843})
Initial AXValue: 1.000 | Last Requested: 0.827
Value at UP: 0.827 | +35ms: 0.827 | +100ms: 0.827
Coalesced / Skipped writes: 0
Classification: [NORMAL_STABLE]
--------------------------------------------------------------------------------
Timestamp    | Phase        |  FingerY |   DeltaY |   ReqVal |  AXWrite | Readback
--------------------------------------------------------------------------------
01:59:03.792 | down         |    560.0 |     +0.0 |    1.000 |        - |    1.000
01:59:03.826 | pan-start    |    584.0 |    +24.0 |    1.000 |        - |    1.000
01:59:03.831 | pan-update   |    584.0 |    +24.0 |    0.965 |    0.965 |    0.965
01:59:03.852 | pan-update   |    596.0 |    +36.0 |    0.948 |    0.948 |    0.948
01:59:03.874 | pan-update   |    608.0 |    +48.0 |    0.931 |    0.931 |    0.931
01:59:03.895 | pan-update   |    620.0 |    +60.0 |    0.913 |    0.913 |    0.913
01:59:03.916 | pan-update   |    632.0 |    +72.0 |    0.896 |    0.896 |    0.896
01:59:03.938 | pan-update   |    644.0 |    +84.0 |    0.879 |    0.879 |    0.879
01:59:03.959 | pan-update   |    656.0 |    +96.0 |    0.861 |    0.861 |    0.861
01:59:03.980 | pan-update   |    668.0 |   +108.0 |    0.844 |    0.844 |    0.844
01:59:04.003 | pan-update   |    680.0 |   +120.0 |    0.827 |    0.827 |    0.827
01:59:04.003 | up           |    680.0 |   +120.0 |    0.827 |        - |    0.827
01:59:04.003 | pan-end      |    680.0 |   +120.0 |    0.827 |        - |    0.827
01:59:04.039 | post-up-35ms |    680.0 |   +120.0 |    0.827 |        - |    0.827
================================================================================


================================================================================
SCROLL TRANSACTION TRACE: [SES-1790449144-711] on [TextEdit]
Target: AXTextArea | Scrollbar: AXScrollBar (<AXUIElement 0x600002424c00> {pid=11843})
Initial AXValue: 0.827 | Last Requested: 1.000
Value at UP: 1.000 | +35ms: 1.000 | +100ms: 1.000
Coalesced / Skipped writes: 0
Classification: [NORMAL_STABLE]
--------------------------------------------------------------------------------
Timestamp    | Phase        |  FingerY |   DeltaY |   ReqVal |  AXWrite | Readback
--------------------------------------------------------------------------------
01:59:04.235 | down         |    560.0 |     +0.0 |    0.827 |        - |    0.827
01:59:04.268 | pan-start    |    536.0 |    -24.0 |    0.827 |        - |    0.827
01:59:04.278 | pan-update   |    536.0 |    -24.0 |    0.861 |    0.861 |    0.861
01:59:04.301 | pan-update   |    524.0 |    -36.0 |    0.879 |    0.879 |    0.879
01:59:04.323 | pan-update   |    512.0 |    -48.0 |    0.896 |    0.896 |    0.896
01:59:04.345 | pan-update   |    500.0 |    -60.0 |    0.913 |    0.913 |    0.913
01:59:04.371 | pan-update   |    488.0 |    -72.0 |    0.931 |    0.931 |    0.931
01:59:04.393 | pan-update   |    476.0 |    -84.0 |    0.948 |    0.948 |    0.948
01:59:04.415 | pan-update   |    464.0 |    -96.0 |    0.965 |    0.965 |    0.965
01:59:04.439 | pan-update   |    452.0 |   -108.0 |    0.983 |    0.983 |    0.983
01:59:04.460 | pan-update   |    440.0 |   -120.0 |    1.000 |    1.000 |    1.000
01:59:04.460 | up           |    440.0 |   -120.0 |    1.000 |        - |    1.000
01:59:04.460 | pan-end      |    440.0 |   -120.0 |    1.000 |        - |    1.000
01:59:04.497 | post-up-35ms |    440.0 |   -120.0 |    1.000 |        - |    1.000
================================================================================


================================================================================
SCROLL TRANSACTION TRACE: [SES-1790449144-909] on [TextEdit]
Target: AXTextArea | Scrollbar: AXScrollBar (<AXUIElement 0x600002424ba0> {pid=11843})
Initial AXValue: 1.000 | Last Requested: 0.827
Value at UP: 0.827 | +35ms: 0.827 | +100ms: 0.827
Coalesced / Skipped writes: 0
Classification: [NORMAL_STABLE]
--------------------------------------------------------------------------------
Timestamp    | Phase        |  FingerY |   DeltaY |   ReqVal |  AXWrite | Readback
--------------------------------------------------------------------------------
01:59:04.692 | down         |    560.0 |     +0.0 |    1.000 |        - |    1.000
01:59:04.726 | pan-start    |    584.0 |    +24.0 |    1.000 |        - |    1.000
01:59:04.731 | pan-update   |    584.0 |    +24.0 |    0.965 |    0.965 |    0.965
01:59:04.755 | pan-update   |    596.0 |    +36.0 |    0.948 |    0.948 |    0.948
01:59:04.777 | pan-update   |    608.0 |    +48.0 |    0.931 |    0.931 |    0.931
01:59:04.815 | pan-update   |    620.0 |    +60.0 |    0.913 |    0.913 |    0.913
01:59:04.838 | pan-update   |    632.0 |    +72.0 |    0.896 |    0.896 |    0.896
01:59:04.861 | pan-update   |    644.0 |    +84.0 |    0.879 |    0.879 |    0.879
01:59:04.884 | pan-update   |    656.0 |    +96.0 |    0.861 |    0.861 |    0.861
01:59:04.906 | pan-update   |    668.0 |   +108.0 |    0.844 |    0.844 |    0.844
01:59:04.929 | pan-update   |    680.0 |   +120.0 |    0.827 |    0.827 |    0.827
01:59:04.929 | up           |    680.0 |   +120.0 |    0.827 |        - |    0.827
01:59:04.929 | pan-end      |    680.0 |   +120.0 |    0.827 |        - |    0.827
01:59:04.965 | post-up-35ms |    680.0 |   +120.0 |    0.827 |        - |    0.827
================================================================================


================================================================================
SCROLL TRANSACTION TRACE: [SES-1790449145-873] on [TextEdit]
Target: AXTextArea | Scrollbar: AXScrollBar (<AXUIElement 0x60000242df20> {pid=11843})
Initial AXValue: 0.827 | Last Requested: 1.000
Value at UP: 1.000 | +35ms: 1.000 | +100ms: 1.000
Coalesced / Skipped writes: 0
Classification: [NORMAL_STABLE]
--------------------------------------------------------------------------------
Timestamp    | Phase        |  FingerY |   DeltaY |   ReqVal |  AXWrite | Readback
--------------------------------------------------------------------------------
01:59:05.159 | down         |    560.0 |     +0.0 |    0.827 |        - |    0.827
01:59:05.192 | pan-start    |    536.0 |    -24.0 |    0.827 |        - |    0.827
01:59:05.201 | pan-update   |    536.0 |    -24.0 |    0.861 |    0.861 |    0.861
01:59:05.223 | pan-update   |    524.0 |    -36.0 |    0.879 |    0.879 |    0.879
01:59:05.245 | pan-update   |    512.0 |    -48.0 |    0.896 |    0.896 |    0.896
01:59:05.267 | pan-update   |    500.0 |    -60.0 |    0.913 |    0.913 |    0.913
01:59:05.290 | pan-update   |    488.0 |    -72.0 |    0.931 |    0.931 |    0.931
01:59:05.312 | pan-update   |    476.0 |    -84.0 |    0.948 |    0.948 |    0.948
01:59:05.332 | pan-update   |    464.0 |    -96.0 |    0.965 |    0.965 |    0.965
01:59:05.354 | pan-update   |    452.0 |   -108.0 |    0.983 |    0.983 |    0.983
01:59:05.375 | pan-update   |    440.0 |   -120.0 |    1.000 |    1.000 |    1.000
01:59:05.375 | up           |    440.0 |   -120.0 |    1.000 |        - |    1.000
01:59:05.375 | pan-end      |    440.0 |   -120.0 |    1.000 |        - |    1.000
01:59:05.410 | post-up-35ms |    440.0 |   -120.0 |    1.000 |        - |    1.000
================================================================================


================================================================================
SCROLL TRANSACTION TRACE: [SES-1790449145-239] on [TextEdit]
Target: AXTextArea | Scrollbar: AXScrollBar (<AXUIElement 0x600002421260> {pid=11843})
Initial AXValue: 1.000 | Last Requested: 0.827
Value at UP: 0.827 | +35ms: 0.827 | +100ms: 0.827
Coalesced / Skipped writes: 0
Classification: [NORMAL_STABLE]
--------------------------------------------------------------------------------
Timestamp    | Phase        |  FingerY |   DeltaY |   ReqVal |  AXWrite | Readback
--------------------------------------------------------------------------------
01:59:05.609 | down         |    560.0 |     +0.0 |    1.000 |        - |    1.000
01:59:05.643 | pan-start    |    584.0 |    +24.0 |    1.000 |        - |    1.000
01:59:05.648 | pan-update   |    584.0 |    +24.0 |    0.965 |    0.965 |    0.965
01:59:05.670 | pan-update   |    596.0 |    +36.0 |    0.948 |    0.948 |    0.948
01:59:05.691 | pan-update   |    608.0 |    +48.0 |    0.931 |    0.931 |    0.931
01:59:05.713 | pan-update   |    620.0 |    +60.0 |    0.913 |    0.913 |    0.913
01:59:05.734 | pan-update   |    632.0 |    +72.0 |    0.896 |    0.896 |    0.896
01:59:05.756 | pan-update   |    644.0 |    +84.0 |    0.879 |    0.879 |    0.879
01:59:05.777 | pan-update   |    656.0 |    +96.0 |    0.861 |    0.861 |    0.861
01:59:05.799 | pan-update   |    668.0 |   +108.0 |    0.844 |    0.844 |    0.844
01:59:05.821 | pan-update   |    680.0 |   +120.0 |    0.827 |    0.827 |    0.827
01:59:05.821 | up           |    680.0 |   +120.0 |    0.827 |        - |    0.827
01:59:05.822 | pan-end      |    680.0 |   +120.0 |    0.827 |        - |    0.827
01:59:05.858 | post-up-35ms |    680.0 |   +120.0 |    0.827 |        - |    0.827
================================================================================


================================================================================
SCROLL TRANSACTION TRACE: [SES-1790449146-406] on [TextEdit]
Target: AXTextArea | Scrollbar: AXScrollBar (<AXUIElement 0x600002424870> {pid=11843})
Initial AXValue: 0.827 | Last Requested: 1.000
Value at UP: 1.000 | +35ms: 1.000 | +100ms: 1.000
Coalesced / Skipped writes: 0
Classification: [NORMAL_STABLE]
--------------------------------------------------------------------------------
Timestamp    | Phase        |  FingerY |   DeltaY |   ReqVal |  AXWrite | Readback
--------------------------------------------------------------------------------
01:59:06.060 | down         |    560.0 |     +0.0 |    0.827 |        - |    0.827
01:59:06.092 | pan-start    |    536.0 |    -24.0 |    0.827 |        - |    0.827
01:59:06.099 | pan-update   |    536.0 |    -24.0 |    0.861 |    0.861 |    0.861
01:59:06.120 | pan-update   |    524.0 |    -36.0 |    0.879 |    0.879 |    0.879
01:59:06.144 | pan-update   |    512.0 |    -48.0 |    0.896 |    0.896 |    0.896
01:59:06.166 | pan-update   |    500.0 |    -60.0 |    0.913 |    0.913 |    0.913
01:59:06.189 | pan-update   |    488.0 |    -72.0 |    0.931 |    0.931 |    0.931
01:59:06.211 | pan-update   |    476.0 |    -84.0 |    0.948 |    0.948 |    0.948
01:59:06.231 | pan-update   |    464.0 |    -96.0 |    0.965 |    0.965 |    0.965
01:59:06.254 | pan-update   |    452.0 |   -108.0 |    0.983 |    0.983 |    0.983
01:59:06.274 | pan-update   |    440.0 |   -120.0 |    1.000 |    1.000 |    1.000
01:59:06.274 | up           |    440.0 |   -120.0 |    1.000 |        - |    1.000
01:59:06.275 | pan-end      |    440.0 |   -120.0 |    1.000 |        - |    1.000
01:59:06.310 | post-up-35ms |    440.0 |   -120.0 |    1.000 |        - |    1.000
================================================================================


================================================================================
SCROLL TRANSACTION TRACE: [SES-1790449146-220] on [TextEdit]
Target: AXTextArea | Scrollbar: AXScrollBar (<AXUIElement 0x60000242a880> {pid=11843})
Initial AXValue: 1.000 | Last Requested: 0.827
Value at UP: 0.827 | +35ms: 0.827 | +100ms: 0.827
Coalesced / Skipped writes: 0
Classification: [NORMAL_STABLE]
--------------------------------------------------------------------------------
Timestamp    | Phase        |  FingerY |   DeltaY |   ReqVal |  AXWrite | Readback
--------------------------------------------------------------------------------
01:59:06.510 | down         |    560.0 |     +0.0 |    1.000 |        - |    1.000
01:59:06.543 | pan-start    |    584.0 |    +24.0 |    1.000 |        - |    1.000
01:59:06.549 | pan-update   |    584.0 |    +24.0 |    0.965 |    0.965 |    0.965
01:59:06.570 | pan-update   |    596.0 |    +36.0 |    0.948 |    0.948 |    0.948
01:59:06.592 | pan-update   |    608.0 |    +48.0 |    0.931 |    0.931 |    0.931
01:59:06.613 | pan-update   |    620.0 |    +60.0 |    0.913 |    0.913 |    0.913
01:59:06.635 | pan-update   |    632.0 |    +72.0 |    0.896 |    0.896 |    0.896
01:59:06.655 | pan-update   |    644.0 |    +84.0 |    0.879 |    0.879 |    0.879
01:59:06.677 | pan-update   |    656.0 |    +96.0 |    0.861 |    0.861 |    0.861
01:59:06.698 | pan-update   |    668.0 |   +108.0 |    0.844 |    0.844 |    0.844
01:59:06.719 | pan-update   |    680.0 |   +120.0 |    0.827 |    0.827 |    0.827
01:59:06.719 | up           |    680.0 |   +120.0 |    0.827 |        - |    0.827
01:59:06.719 | pan-end      |    680.0 |   +120.0 |    0.827 |        - |    0.827
01:59:06.755 | post-up-35ms |    680.0 |   +120.0 |    0.827 |        - |    0.827
================================================================================


================================================================================
SCROLL TRANSACTION TRACE: [SES-1790449146-560] on [TextEdit]
Target: AXTextArea | Scrollbar: AXScrollBar (<AXUIElement 0x60000242a8b0> {pid=11843})
Initial AXValue: 0.827 | Last Requested: 1.000
Value at UP: 1.000 | +35ms: 1.000 | +100ms: 1.000
Coalesced / Skipped writes: 0
Classification: [NORMAL_STABLE]
--------------------------------------------------------------------------------
Timestamp    | Phase        |  FingerY |   DeltaY |   ReqVal |  AXWrite | Readback
--------------------------------------------------------------------------------
01:59:06.950 | down         |    560.0 |     +0.0 |    0.827 |        - |    0.827
01:59:06.984 | pan-start    |    536.0 |    -24.0 |    0.827 |        - |    0.827
01:59:06.990 | pan-update   |    536.0 |    -24.0 |    0.861 |    0.861 |    0.861
01:59:07.011 | pan-update   |    524.0 |    -36.0 |    0.879 |    0.879 |    0.879
01:59:07.033 | pan-update   |    512.0 |    -48.0 |    0.896 |    0.896 |    0.896
01:59:07.055 | pan-update   |    500.0 |    -60.0 |    0.913 |    0.913 |    0.913
01:59:07.076 | pan-update   |    488.0 |    -72.0 |    0.931 |    0.931 |    0.931
01:59:07.097 | pan-update   |    476.0 |    -84.0 |    0.948 |    0.948 |    0.948
01:59:07.118 | pan-update   |    464.0 |    -96.0 |    0.965 |    0.965 |    0.965
01:59:07.140 | pan-update   |    452.0 |   -108.0 |    0.983 |    0.983 |    0.983
01:59:07.161 | pan-update   |    440.0 |   -120.0 |    1.000 |    1.000 |    1.000
01:59:07.162 | up           |    440.0 |   -120.0 |    1.000 |        - |    1.000
01:59:07.162 | pan-end      |    440.0 |   -120.0 |    1.000 |        - |    1.000
01:59:07.197 | post-up-35ms |    440.0 |   -120.0 |    1.000 |        - |    1.000
================================================================================


================================================================================
SCROLL TRANSACTION TRACE: [SES-1790449147-294] on [TextEdit]
Target: AXTextArea | Scrollbar: AXScrollBar (<AXUIElement 0x600002422280> {pid=11843})
Initial AXValue: 1.000 | Last Requested: 0.827
Value at UP: 0.827 | +35ms: 0.827 | +100ms: 0.827
Coalesced / Skipped writes: 0
Classification: [NORMAL_STABLE]
--------------------------------------------------------------------------------
Timestamp    | Phase        |  FingerY |   DeltaY |   ReqVal |  AXWrite | Readback
--------------------------------------------------------------------------------
01:59:07.392 | down         |    560.0 |     +0.0 |    1.000 |        - |    1.000
01:59:07.426 | pan-start    |    584.0 |    +24.0 |    1.000 |        - |    1.000
01:59:07.433 | pan-update   |    584.0 |    +24.0 |    0.965 |    0.965 |    0.965
01:59:07.455 | pan-update   |    596.0 |    +36.0 |    0.948 |    0.948 |    0.948
01:59:07.477 | pan-update   |    608.0 |    +48.0 |    0.931 |    0.931 |    0.931
01:59:07.498 | pan-update   |    620.0 |    +60.0 |    0.913 |    0.913 |    0.913
01:59:07.520 | pan-update   |    632.0 |    +72.0 |    0.896 |    0.896 |    0.896
01:59:07.542 | pan-update   |    644.0 |    +84.0 |    0.879 |    0.879 |    0.879
01:59:07.563 | pan-update   |    656.0 |    +96.0 |    0.861 |    0.861 |    0.861
01:59:07.585 | pan-update   |    668.0 |   +108.0 |    0.844 |    0.844 |    0.844
01:59:07.607 | pan-update   |    680.0 |   +120.0 |    0.827 |    0.827 |    0.827
01:59:07.607 | up           |    680.0 |   +120.0 |    0.827 |        - |    0.827
01:59:07.607 | pan-end      |    680.0 |   +120.0 |    0.827 |        - |    0.827
01:59:07.644 | post-up-35ms |    680.0 |   +120.0 |    0.827 |        - |    0.827
================================================================================


================================================================================
SCROLL TRANSACTION TRACE: [SES-1790449156-681] on [Finder]
Target: AXCell | Scrollbar: AXScrollBar (<AXUIElement 0x600000b778d0> {pid=511})
Initial AXValue: 1.000 | Last Requested: 1.000
Value at UP: 1.000 | +35ms: 1.000 | +100ms: 1.000
Coalesced / Skipped writes: 9
Classification: [NORMAL_STABLE]
--------------------------------------------------------------------------------
Timestamp    | Phase        |  FingerY |   DeltaY |   ReqVal |  AXWrite | Readback
--------------------------------------------------------------------------------
01:59:16.406 | down         |    560.0 |     +0.0 |    1.000 |        - |    1.000
01:59:16.619 | pan-start    |    539.0 |    -21.0 |    1.000 |        - |    1.000
01:59:16.868 | up           |    515.0 |    -45.0 |    1.000 |        - |    1.000
01:59:16.868 | pan-end      |    515.0 |    -45.0 |    1.000 |        - |    1.000
01:59:16.903 | post-up-35ms |    515.0 |    -45.0 |    1.000 |        - |    1.000
================================================================================


================================================================================
SCROLL TRANSACTION TRACE: [SES-1790449157-108] on [Finder]
Target: AXCell | Scrollbar: AXScrollBar (<AXUIElement 0x600000b54ab0> {pid=511})
Initial AXValue: 1.000 | Last Requested: 1.000
Value at UP: 1.000 | +35ms: 1.000 | +100ms: 1.000
Coalesced / Skipped writes: 19
Classification: [NORMAL_STABLE]
--------------------------------------------------------------------------------
Timestamp    | Phase        |  FingerY |   DeltaY |   ReqVal |  AXWrite | Readback
--------------------------------------------------------------------------------
01:59:17.299 | down         |    560.0 |     +0.0 |    1.000 |        - |    1.000
01:59:17.334 | pan-start    |    538.0 |    -22.0 |    1.000 |        - |    1.000
01:59:17.635 | up           |    340.0 |   -220.0 |    1.000 |        - |    1.000
01:59:17.635 | pan-end      |    340.0 |   -220.0 |    1.000 |        - |    1.000
01:59:17.671 | post-up-35ms |    340.0 |   -220.0 |    1.000 |        - |    1.000
================================================================================


================================================================================
SCROLL TRANSACTION TRACE: [SES-1790449158-495] on [Finder]
Target: AXCell | Scrollbar: AXScrollBar (<AXUIElement 0x600000b553b0> {pid=511})
Initial AXValue: 1.000 | Last Requested: 1.000
Value at UP: 1.000 | +35ms: 1.000 | +100ms: 1.000
Coalesced / Skipped writes: 4
Classification: [NORMAL_STABLE]
--------------------------------------------------------------------------------
Timestamp    | Phase        |  FingerY |   DeltaY |   ReqVal |  AXWrite | Readback
--------------------------------------------------------------------------------
01:59:18.075 | down         |    560.0 |     +0.0 |    1.000 |        - |    1.000
01:59:18.084 | pan-start    |    520.0 |    -40.0 |    1.000 |        - |    1.000
01:59:18.110 | up           |    400.0 |   -160.0 |    1.000 |        - |    1.000
01:59:18.110 | pan-end      |    400.0 |   -160.0 |    1.000 |        - |    1.000
01:59:18.146 | post-up-35ms |    400.0 |   -160.0 |    1.000 |        - |    1.000
================================================================================


================================================================================
SCROLL TRANSACTION TRACE: [SES-1790449158-131] on [Finder]
Target: AXCell | Scrollbar: AXScrollBar (<AXUIElement 0x600000b77750> {pid=511})
Initial AXValue: 1.000 | Last Requested: 1.000
Value at UP: 1.000 | +35ms: 1.000 | +100ms: 1.000
Coalesced / Skipped writes: 9
Classification: [NORMAL_STABLE]
--------------------------------------------------------------------------------
Timestamp    | Phase        |  FingerY |   DeltaY |   ReqVal |  AXWrite | Readback
--------------------------------------------------------------------------------
01:59:18.534 | down         |    560.0 |     +0.0 |    1.000 |        - |    1.000
01:59:18.575 | pan-start    |    540.0 |    -20.0 |    1.000 |        - |    1.000
01:59:19.109 | up           |    460.0 |   -100.0 |    1.000 |        - |    1.000
01:59:19.109 | pan-end      |    460.0 |   -100.0 |    1.000 |        - |    1.000
01:59:19.145 | post-up-35ms |    460.0 |   -100.0 |    1.000 |        - |    1.000
================================================================================


================================================================================
SCROLL TRANSACTION TRACE: [SES-1790449159-529] on [Finder]
Target: AXCell | Scrollbar: AXScrollBar (<AXUIElement 0x600000b550b0> {pid=511})
Initial AXValue: 1.000 | Last Requested: 1.000
Value at UP: 1.000 | +35ms: 1.000 | +100ms: 1.000
Coalesced / Skipped writes: 7
Classification: [NORMAL_STABLE]
--------------------------------------------------------------------------------
Timestamp    | Phase        |  FingerY |   DeltaY |   ReqVal |  AXWrite | Readback
--------------------------------------------------------------------------------
01:59:19.535 | down         |    560.0 |     +0.0 |    1.000 |        - |    1.000
01:59:19.568 | pan-start    |    540.0 |    -20.0 |    1.000 |        - |    1.000
01:59:19.669 | up           |    480.0 |    -80.0 |    1.000 |        - |    1.000
01:59:19.669 | pan-end      |    480.0 |    -80.0 |    1.000 |        - |    1.000
01:59:19.704 | post-up-35ms |    480.0 |    -80.0 |    1.000 |        - |    1.000
================================================================================


================================================================================
SCROLL TRANSACTION TRACE: [SES-1790449159-368] on [Finder]
Target: AXCell | Scrollbar: AXScrollBar (<AXUIElement 0x600000b54a80> {pid=511})
Initial AXValue: 1.000 | Last Requested: 1.000
Value at UP: 1.000 | +35ms: 1.000 | +100ms: 1.000
Coalesced / Skipped writes: 7
Classification: [NORMAL_STABLE]
--------------------------------------------------------------------------------
Timestamp    | Phase        |  FingerY |   DeltaY |   ReqVal |  AXWrite | Readback
--------------------------------------------------------------------------------
01:59:19.998 | down         |    560.0 |     +0.0 |    1.000 |        - |    1.000
01:59:20.032 | pan-start    |    540.0 |    -20.0 |    1.000 |        - |    1.000
01:59:20.133 | up           |    480.0 |    -80.0 |    1.000 |        - |    1.000
01:59:20.133 | pan-end      |    480.0 |    -80.0 |    1.000 |        - |    1.000
01:59:20.169 | post-up-35ms |    480.0 |    -80.0 |    1.000 |        - |    1.000
================================================================================


================================================================================
SCROLL TRANSACTION TRACE: [SES-1790449160-469] on [Finder]
Target: AXCell | Scrollbar: AXScrollBar (<AXUIElement 0x600000b54bd0> {pid=511})
Initial AXValue: 1.000 | Last Requested: 1.000
Value at UP: 1.000 | +35ms: 1.000 | +100ms: 1.000
Coalesced / Skipped writes: 9
Classification: [NORMAL_STABLE]
--------------------------------------------------------------------------------
Timestamp    | Phase        |  FingerY |   DeltaY |   ReqVal |  AXWrite | Readback
--------------------------------------------------------------------------------
01:59:20.565 | down         |    560.0 |     +0.0 |    1.000 |        - |    1.000
01:59:20.598 | pan-start    |    536.0 |    -24.0 |    1.000 |        - |    1.000
01:59:20.733 | up           |    440.0 |   -120.0 |    1.000 |        - |    1.000
01:59:20.733 | pan-end      |    440.0 |   -120.0 |    1.000 |        - |    1.000
01:59:20.769 | post-up-35ms |    440.0 |   -120.0 |    1.000 |        - |    1.000
================================================================================


================================================================================
SCROLL TRANSACTION TRACE: [SES-1790449161-596] on [Finder]
Target: AXCell | Scrollbar: AXScrollBar (<AXUIElement 0x600000b4d770> {pid=511})
Initial AXValue: 1.000 | Last Requested: 0.804
Value at UP: 0.804 | +35ms: 0.804 | +100ms: 0.804
Coalesced / Skipped writes: 0
Classification: [NORMAL_STABLE]
--------------------------------------------------------------------------------
Timestamp    | Phase        |  FingerY |   DeltaY |   ReqVal |  AXWrite | Readback
--------------------------------------------------------------------------------
01:59:21.056 | down         |    560.0 |     +0.0 |    1.000 |        - |    1.000
01:59:21.090 | pan-start    |    584.0 |    +24.0 |    1.000 |        - |    1.000
01:59:21.106 | pan-update   |    584.0 |    +24.0 |    0.961 |    0.961 |    0.961
01:59:21.129 | pan-update   |    596.0 |    +36.0 |    0.941 |    0.941 |    0.941
01:59:21.152 | pan-update   |    608.0 |    +48.0 |    0.922 |    0.922 |    0.922
01:59:21.175 | pan-update   |    620.0 |    +60.0 |    0.902 |    0.902 |    0.902
01:59:21.197 | pan-update   |    632.0 |    +72.0 |    0.882 |    0.882 |    0.882
01:59:21.225 | pan-update   |    644.0 |    +84.0 |    0.863 |    0.863 |    0.863
01:59:21.247 | pan-update   |    656.0 |    +96.0 |    0.843 |    0.843 |    0.843
01:59:21.270 | pan-update   |    668.0 |   +108.0 |    0.824 |    0.824 |    0.824
01:59:21.293 | pan-update   |    680.0 |   +120.0 |    0.804 |    0.804 |    0.804
01:59:21.293 | up           |    680.0 |   +120.0 |    0.804 |        - |    0.804
01:59:21.293 | pan-end      |    680.0 |   +120.0 |    0.804 |        - |    0.804
01:59:21.330 | post-up-35ms |    680.0 |   +120.0 |    0.804 |        - |    0.804
================================================================================


================================================================================
SCROLL TRANSACTION TRACE: [SES-1790449163-531] on [Finder]
Target: AXCell | Scrollbar: AXScrollBar (<AXUIElement 0x600000b507b0> {pid=511})
Initial AXValue: 0.804 | Last Requested: 1.000
Value at UP: 1.000 | +35ms: 1.000 | +100ms: 1.000
Coalesced / Skipped writes: 0
Classification: [NORMAL_STABLE]
--------------------------------------------------------------------------------
Timestamp    | Phase        |  FingerY |   DeltaY |   ReqVal |  AXWrite | Readback
--------------------------------------------------------------------------------
01:59:23.402 | down         |    560.0 |     +0.0 |    0.804 |        - |    0.804
01:59:23.435 | pan-start    |    536.0 |    -24.0 |    0.804 |        - |    0.804
01:59:23.443 | pan-update   |    536.0 |    -24.0 |    0.843 |    0.843 |    0.843
01:59:23.465 | pan-update   |    524.0 |    -36.0 |    0.863 |    0.863 |    0.863
01:59:23.489 | pan-update   |    512.0 |    -48.0 |    0.882 |    0.882 |    0.882
01:59:23.512 | pan-update   |    500.0 |    -60.0 |    0.902 |    0.902 |    0.902
01:59:23.535 | pan-update   |    488.0 |    -72.0 |    0.922 |    0.922 |    0.922
01:59:23.558 | pan-update   |    476.0 |    -84.0 |    0.941 |    0.941 |    0.941
01:59:23.580 | pan-update   |    464.0 |    -96.0 |    0.961 |    0.961 |    0.961
01:59:23.604 | pan-update   |    452.0 |   -108.0 |    0.980 |    0.980 |    0.980
01:59:23.627 | pan-update   |    440.0 |   -120.0 |    1.000 |    1.000 |    1.000
01:59:23.627 | up           |    440.0 |   -120.0 |    1.000 |        - |    1.000
01:59:23.627 | pan-end      |    440.0 |   -120.0 |    1.000 |        - |    1.000
01:59:23.663 | post-up-35ms |    440.0 |   -120.0 |    1.000 |        - |    1.000
================================================================================


================================================================================
SCROLL TRANSACTION TRACE: [SES-1790449163-815] on [Finder]
Target: AXCell | Scrollbar: AXScrollBar (<AXUIElement 0x600000b55170> {pid=511})
Initial AXValue: 1.000 | Last Requested: 0.804
Value at UP: 0.804 | +35ms: 0.804 | +100ms: 0.804
Coalesced / Skipped writes: 0
Classification: [NORMAL_STABLE]
--------------------------------------------------------------------------------
Timestamp    | Phase        |  FingerY |   DeltaY |   ReqVal |  AXWrite | Readback
--------------------------------------------------------------------------------
01:59:23.861 | down         |    560.0 |     +0.0 |    1.000 |        - |    1.000
01:59:23.894 | pan-start    |    584.0 |    +24.0 |    1.000 |        - |    1.000
01:59:23.904 | pan-update   |    584.0 |    +24.0 |    0.961 |    0.961 |    0.961
01:59:23.927 | pan-update   |    596.0 |    +36.0 |    0.941 |    0.941 |    0.941
01:59:23.950 | pan-update   |    608.0 |    +48.0 |    0.922 |    0.922 |    0.922
01:59:23.974 | pan-update   |    620.0 |    +60.0 |    0.902 |    0.902 |    0.902
01:59:23.997 | pan-update   |    632.0 |    +72.0 |    0.882 |    0.882 |    0.882
01:59:24.027 | pan-update   |    644.0 |    +84.0 |    0.863 |    0.863 |    0.863
01:59:24.049 | pan-update   |    656.0 |    +96.0 |    0.843 |    0.843 |    0.843
01:59:24.073 | pan-update   |    668.0 |   +108.0 |    0.824 |    0.824 |    0.824
01:59:24.097 | pan-update   |    680.0 |   +120.0 |    0.804 |    0.804 |    0.804
01:59:24.098 | up           |    680.0 |   +120.0 |    0.804 |        - |    0.804
01:59:24.098 | pan-end      |    680.0 |   +120.0 |    0.804 |        - |    0.804
01:59:24.134 | post-up-35ms |    680.0 |   +120.0 |    0.804 |        - |    0.804
================================================================================


================================================================================
SCROLL TRANSACTION TRACE: [SES-1790449164-366] on [Finder]
Target: AXCell | Scrollbar: AXScrollBar (<AXUIElement 0x600000b55170> {pid=511})
Initial AXValue: 0.804 | Last Requested: 1.000
Value at UP: 1.000 | +35ms: 1.000 | +100ms: 1.000
Coalesced / Skipped writes: 0
Classification: [NORMAL_STABLE]
--------------------------------------------------------------------------------
Timestamp    | Phase        |  FingerY |   DeltaY |   ReqVal |  AXWrite | Readback
--------------------------------------------------------------------------------
01:59:24.332 | down         |    560.0 |     +0.0 |    0.804 |        - |    0.804
01:59:24.365 | pan-start    |    536.0 |    -24.0 |    0.804 |        - |    0.804
01:59:24.376 | pan-update   |    536.0 |    -24.0 |    0.843 |    0.843 |    0.843
01:59:24.398 | pan-update   |    524.0 |    -36.0 |    0.863 |    0.863 |    0.863
01:59:24.425 | pan-update   |    512.0 |    -48.0 |    0.882 |    0.882 |    0.882
01:59:24.449 | pan-update   |    500.0 |    -60.0 |    0.902 |    0.902 |    0.902
01:59:24.474 | pan-update   |    488.0 |    -72.0 |    0.922 |    0.922 |    0.922
01:59:24.497 | pan-update   |    476.0 |    -84.0 |    0.941 |    0.941 |    0.941
01:59:24.522 | pan-update   |    464.0 |    -96.0 |    0.961 |    0.961 |    0.961
01:59:24.547 | pan-update   |    452.0 |   -108.0 |    0.980 |    0.980 |    0.980
01:59:24.572 | pan-update   |    440.0 |   -120.0 |    1.000 |    1.000 |    1.000
01:59:24.572 | up           |    440.0 |   -120.0 |    1.000 |        - |    1.000
01:59:24.572 | pan-end      |    440.0 |   -120.0 |    1.000 |        - |    1.000
01:59:24.607 | post-up-35ms |    440.0 |   -120.0 |    1.000 |        - |    1.000
================================================================================


================================================================================
SCROLL TRANSACTION TRACE: [SES-1790449164-727] on [Finder]
Target: AXCell | Scrollbar: AXScrollBar (<AXUIElement 0x600000b54ea0> {pid=511})
Initial AXValue: 1.000 | Last Requested: 0.804
Value at UP: 0.804 | +35ms: 0.804 | +100ms: 0.804
Coalesced / Skipped writes: 0
Classification: [NORMAL_STABLE]
--------------------------------------------------------------------------------
Timestamp    | Phase        |  FingerY |   DeltaY |   ReqVal |  AXWrite | Readback
--------------------------------------------------------------------------------
01:59:24.805 | down         |    560.0 |     +0.0 |    1.000 |        - |    1.000
01:59:24.838 | pan-start    |    584.0 |    +24.0 |    1.000 |        - |    1.000
01:59:24.849 | pan-update   |    584.0 |    +24.0 |    0.961 |    0.961 |    0.961
01:59:24.876 | pan-update   |    596.0 |    +36.0 |    0.941 |    0.941 |    0.941
01:59:24.901 | pan-update   |    608.0 |    +48.0 |    0.922 |    0.922 |    0.922
01:59:24.924 | pan-update   |    620.0 |    +60.0 |    0.902 |    0.902 |    0.902
01:59:24.949 | pan-update   |    632.0 |    +72.0 |    0.882 |    0.882 |    0.882
01:59:24.977 | pan-update   |    644.0 |    +84.0 |    0.863 |    0.863 |    0.863
01:59:25.001 | pan-update   |    656.0 |    +96.0 |    0.843 |    0.843 |    0.843
01:59:25.028 | pan-update   |    668.0 |   +108.0 |    0.824 |    0.824 |    0.824
01:59:25.058 | pan-update   |    680.0 |   +120.0 |    0.804 |    0.804 |    0.804
01:59:25.058 | up           |    680.0 |   +120.0 |    0.804 |        - |    0.804
01:59:25.058 | pan-end      |    680.0 |   +120.0 |    0.804 |        - |    0.804
01:59:25.094 | post-up-35ms |    680.0 |   +120.0 |    0.804 |        - |    0.804
================================================================================


================================================================================
SCROLL TRANSACTION TRACE: [SES-1790449165-638] on [Finder]
Target: AXCell | Scrollbar: AXScrollBar (<AXUIElement 0x600000b55050> {pid=511})
Initial AXValue: 0.804 | Last Requested: 1.000
Value at UP: 1.000 | +35ms: 1.000 | +100ms: 1.000
Coalesced / Skipped writes: 0
Classification: [NORMAL_STABLE]
--------------------------------------------------------------------------------
Timestamp    | Phase        |  FingerY |   DeltaY |   ReqVal |  AXWrite | Readback
--------------------------------------------------------------------------------
01:59:25.285 | down         |    560.0 |     +0.0 |    0.804 |        - |    0.804
01:59:25.320 | pan-start    |    536.0 |    -24.0 |    0.804 |        - |    0.804
01:59:25.327 | pan-update   |    536.0 |    -24.0 |    0.843 |    0.843 |    0.843
01:59:25.349 | pan-update   |    524.0 |    -36.0 |    0.863 |    0.863 |    0.863
01:59:25.373 | pan-update   |    512.0 |    -48.0 |    0.882 |    0.882 |    0.882
01:59:25.396 | pan-update   |    500.0 |    -60.0 |    0.902 |    0.902 |    0.902
01:59:25.418 | pan-update   |    488.0 |    -72.0 |    0.922 |    0.922 |    0.922
01:59:25.441 | pan-update   |    476.0 |    -84.0 |    0.941 |    0.941 |    0.941
01:59:25.463 | pan-update   |    464.0 |    -96.0 |    0.961 |    0.961 |    0.961
01:59:25.486 | pan-update   |    452.0 |   -108.0 |    0.980 |    0.980 |    0.980
01:59:25.509 | pan-update   |    440.0 |   -120.0 |    1.000 |    1.000 |    1.000
01:59:25.509 | up           |    440.0 |   -120.0 |    1.000 |        - |    1.000
01:59:25.509 | pan-end      |    440.0 |   -120.0 |    1.000 |        - |    1.000
01:59:25.545 | post-up-35ms |    440.0 |   -120.0 |    1.000 |        - |    1.000
================================================================================


================================================================================
SCROLL TRANSACTION TRACE: [SES-1790449165-310] on [Finder]
Target: AXCell | Scrollbar: AXScrollBar (<AXUIElement 0x600000b50a20> {pid=511})
Initial AXValue: 1.000 | Last Requested: 0.804
Value at UP: 0.804 | +35ms: 0.804 | +100ms: 0.804
Coalesced / Skipped writes: 0
Classification: [NORMAL_STABLE]
--------------------------------------------------------------------------------
Timestamp    | Phase        |  FingerY |   DeltaY |   ReqVal |  AXWrite | Readback
--------------------------------------------------------------------------------
01:59:25.736 | down         |    560.0 |     +0.0 |    1.000 |        - |    1.000
01:59:25.770 | pan-start    |    584.0 |    +24.0 |    1.000 |        - |    1.000
01:59:25.781 | pan-update   |    584.0 |    +24.0 |    0.961 |    0.961 |    0.961
01:59:25.804 | pan-update   |    596.0 |    +36.0 |    0.941 |    0.941 |    0.941
01:59:25.826 | pan-update   |    608.0 |    +48.0 |    0.922 |    0.922 |    0.922
01:59:25.849 | pan-update   |    620.0 |    +60.0 |    0.902 |    0.902 |    0.902
01:59:25.871 | pan-update   |    632.0 |    +72.0 |    0.882 |    0.882 |    0.882
01:59:25.896 | pan-update   |    644.0 |    +84.0 |    0.863 |    0.863 |    0.863
01:59:25.919 | pan-update   |    656.0 |    +96.0 |    0.843 |    0.843 |    0.843
01:59:25.941 | pan-update   |    668.0 |   +108.0 |    0.824 |    0.824 |    0.824
01:59:25.964 | pan-update   |    680.0 |   +120.0 |    0.804 |    0.804 |    0.804
01:59:25.964 | up           |    680.0 |   +120.0 |    0.804 |        - |    0.804
01:59:25.964 | pan-end      |    680.0 |   +120.0 |    0.804 |        - |    0.804
01:59:26.001 | post-up-35ms |    680.0 |   +120.0 |    0.804 |        - |    0.804
================================================================================


================================================================================
SCROLL TRANSACTION TRACE: [SES-1790449166-290] on [Finder]
Target: AXCell | Scrollbar: AXScrollBar (<AXUIElement 0x600000b50a20> {pid=511})
Initial AXValue: 0.804 | Last Requested: 1.000
Value at UP: 1.000 | +35ms: 1.000 | +100ms: 1.000
Coalesced / Skipped writes: 0
Classification: [NORMAL_STABLE]
--------------------------------------------------------------------------------
Timestamp    | Phase        |  FingerY |   DeltaY |   ReqVal |  AXWrite | Readback
--------------------------------------------------------------------------------
01:59:26.194 | down         |    560.0 |     +0.0 |    0.804 |        - |    0.804
01:59:26.227 | pan-start    |    536.0 |    -24.0 |    0.804 |        - |    0.804
01:59:26.234 | pan-update   |    536.0 |    -24.0 |    0.843 |    0.843 |    0.843
01:59:26.257 | pan-update   |    524.0 |    -36.0 |    0.863 |    0.863 |    0.863
01:59:26.280 | pan-update   |    512.0 |    -48.0 |    0.882 |    0.882 |    0.882
01:59:26.304 | pan-update   |    500.0 |    -60.0 |    0.902 |    0.902 |    0.902
01:59:26.326 | pan-update   |    488.0 |    -72.0 |    0.922 |    0.922 |    0.922
01:59:26.349 | pan-update   |    476.0 |    -84.0 |    0.941 |    0.941 |    0.941
01:59:26.372 | pan-update   |    464.0 |    -96.0 |    0.961 |    0.961 |    0.961
01:59:26.395 | pan-update   |    452.0 |   -108.0 |    0.980 |    0.980 |    0.980
01:59:26.418 | pan-update   |    440.0 |   -120.0 |    1.000 |    1.000 |    1.000
01:59:26.418 | up           |    440.0 |   -120.0 |    1.000 |        - |    1.000
01:59:26.418 | pan-end      |    440.0 |   -120.0 |    1.000 |        - |    1.000
01:59:26.455 | post-up-35ms |    440.0 |   -120.0 |    1.000 |        - |    1.000
================================================================================


================================================================================
SCROLL TRANSACTION TRACE: [SES-1790449166-452] on [Finder]
Target: AXCell | Scrollbar: AXScrollBar (<AXUIElement 0x600000b55170> {pid=511})
Initial AXValue: 1.000 | Last Requested: 0.804
Value at UP: 0.804 | +35ms: 0.804 | +100ms: 0.804
Coalesced / Skipped writes: 0
Classification: [NORMAL_STABLE]
--------------------------------------------------------------------------------
Timestamp    | Phase        |  FingerY |   DeltaY |   ReqVal |  AXWrite | Readback
--------------------------------------------------------------------------------
01:59:26.651 | down         |    560.0 |     +0.0 |    1.000 |        - |    1.000
01:59:26.684 | pan-start    |    584.0 |    +24.0 |    1.000 |        - |    1.000
01:59:26.695 | pan-update   |    584.0 |    +24.0 |    0.961 |    0.961 |    0.961
01:59:26.718 | pan-update   |    596.0 |    +36.0 |    0.941 |    0.941 |    0.941
01:59:26.741 | pan-update   |    608.0 |    +48.0 |    0.922 |    0.922 |    0.922
01:59:26.764 | pan-update   |    620.0 |    +60.0 |    0.902 |    0.902 |    0.902
01:59:26.786 | pan-update   |    632.0 |    +72.0 |    0.882 |    0.882 |    0.882
01:59:26.812 | pan-update   |    644.0 |    +84.0 |    0.863 |    0.863 |    0.863
01:59:26.835 | pan-update   |    656.0 |    +96.0 |    0.843 |    0.843 |    0.843
01:59:26.858 | pan-update   |    668.0 |   +108.0 |    0.824 |    0.824 |    0.824
01:59:26.881 | pan-update   |    680.0 |   +120.0 |    0.804 |    0.804 |    0.804
01:59:26.881 | up           |    680.0 |   +120.0 |    0.804 |        - |    0.804
01:59:26.881 | pan-end      |    680.0 |   +120.0 |    0.804 |        - |    0.804
01:59:26.918 | post-up-35ms |    680.0 |   +120.0 |    0.804 |        - |    0.804
================================================================================


================================================================================
SCROLL TRANSACTION TRACE: [SES-1790449167-643] on [Finder]
Target: AXCell | Scrollbar: AXScrollBar (<AXUIElement 0x600000b54c60> {pid=511})
Initial AXValue: 0.804 | Last Requested: 1.000
Value at UP: 1.000 | +35ms: 1.000 | +100ms: 1.000
Coalesced / Skipped writes: 0
Classification: [NORMAL_STABLE]
--------------------------------------------------------------------------------
Timestamp    | Phase        |  FingerY |   DeltaY |   ReqVal |  AXWrite | Readback
--------------------------------------------------------------------------------
01:59:27.113 | down         |    560.0 |     +0.0 |    0.804 |        - |    0.804
01:59:27.146 | pan-start    |    536.0 |    -24.0 |    0.804 |        - |    0.804
01:59:27.152 | pan-update   |    536.0 |    -24.0 |    0.843 |    0.843 |    0.843
01:59:27.174 | pan-update   |    524.0 |    -36.0 |    0.863 |    0.863 |    0.863
01:59:27.199 | pan-update   |    512.0 |    -48.0 |    0.882 |    0.882 |    0.882
01:59:27.221 | pan-update   |    500.0 |    -60.0 |    0.902 |    0.902 |    0.902
01:59:27.243 | pan-update   |    488.0 |    -72.0 |    0.922 |    0.922 |    0.922
01:59:27.266 | pan-update   |    476.0 |    -84.0 |    0.941 |    0.941 |    0.941
01:59:27.289 | pan-update   |    464.0 |    -96.0 |    0.961 |    0.961 |    0.961
01:59:27.312 | pan-update   |    452.0 |   -108.0 |    0.980 |    0.980 |    0.980
01:59:27.334 | pan-update   |    440.0 |   -120.0 |    1.000 |    1.000 |    1.000
01:59:27.335 | up           |    440.0 |   -120.0 |    1.000 |        - |    1.000
01:59:27.335 | pan-end      |    440.0 |   -120.0 |    1.000 |        - |    1.000
01:59:27.370 | post-up-35ms |    440.0 |   -120.0 |    1.000 |        - |    1.000
================================================================================


================================================================================
SCROLL TRANSACTION TRACE: [SES-1790449167-641] on [Finder]
Target: AXCell | Scrollbar: AXScrollBar (<AXUIElement 0x600000b50930> {pid=511})
Initial AXValue: 1.000 | Last Requested: 0.804
Value at UP: 0.804 | +35ms: 0.804 | +100ms: 0.804
Coalesced / Skipped writes: 0
Classification: [NORMAL_STABLE]
--------------------------------------------------------------------------------
Timestamp    | Phase        |  FingerY |   DeltaY |   ReqVal |  AXWrite | Readback
--------------------------------------------------------------------------------
01:59:27.569 | down         |    560.0 |     +0.0 |    1.000 |        - |    1.000
01:59:27.602 | pan-start    |    584.0 |    +24.0 |    1.000 |        - |    1.000
01:59:27.613 | pan-update   |    584.0 |    +24.0 |    0.961 |    0.961 |    0.961
01:59:27.636 | pan-update   |    596.0 |    +36.0 |    0.941 |    0.941 |    0.941
01:59:27.659 | pan-update   |    608.0 |    +48.0 |    0.922 |    0.922 |    0.922
01:59:27.681 | pan-update   |    620.0 |    +60.0 |    0.902 |    0.902 |    0.902
01:59:27.704 | pan-update   |    632.0 |    +72.0 |    0.882 |    0.882 |    0.882
01:59:27.728 | pan-update   |    644.0 |    +84.0 |    0.863 |    0.863 |    0.863
01:59:27.751 | pan-update   |    656.0 |    +96.0 |    0.843 |    0.843 |    0.843
01:59:27.774 | pan-update   |    668.0 |   +108.0 |    0.824 |    0.824 |    0.824
01:59:27.797 | pan-update   |    680.0 |   +120.0 |    0.804 |    0.804 |    0.804
01:59:27.797 | up           |    680.0 |   +120.0 |    0.804 |        - |    0.804
01:59:27.798 | pan-end      |    680.0 |   +120.0 |    0.804 |        - |    0.804
01:59:27.835 | post-up-35ms |    680.0 |   +120.0 |    0.804 |        - |    0.804
================================================================================


================================================================================
SCROLL TRANSACTION TRACE: [SES-1790449980-474] on [Finder]
Target: AXCell | Scrollbar: AXScrollBar (<AXUIElement 0x7f974ab66b40> {pid=511})
Initial AXValue: 0.804 | Last Requested: 0.228
Value at UP: 0.228 | +35ms: 0.228 | +100ms: 0.228
Coalesced / Skipped writes: 13
Classification: [NORMAL_STABLE]
--------------------------------------------------------------------------------
Timestamp    | Phase        |  FingerY |   DeltaY |   ReqVal |  AXWrite | Readback
--------------------------------------------------------------------------------
02:13:00.197 | down         |    593.5 |     +0.0 |    0.804 |        - |    0.804
02:13:00.246 | pan-start    |    618.4 |    +24.9 |    0.804 |        - |    0.804
02:13:00.258 | pan-update   |    618.4 |    +24.9 |    0.763 |    0.763 |    0.763
02:13:00.290 | pan-update   |    685.4 |    +91.8 |    0.654 |    0.654 |    0.654
02:13:00.318 | pan-update   |    742.3 |   +148.8 |    0.561 |    0.561 |    0.561
02:13:00.350 | pan-update   |    799.3 |   +205.8 |    0.468 |    0.468 |    0.468
02:13:00.382 | pan-update   |    847.7 |   +254.1 |    0.389 |    0.389 |    0.389
02:13:00.414 | pan-update   |    882.5 |   +289.0 |    0.332 |    0.332 |    0.332
02:13:00.445 | pan-update   |    906.0 |   +312.5 |    0.293 |    0.293 |    0.293
02:13:00.476 | pan-update   |    922.4 |   +328.9 |    0.267 |    0.267 |    0.267
02:13:00.509 | pan-update   |    925.0 |   +331.4 |    0.262 |    0.262 |    0.262
02:13:00.733 | pan-update   |    911.2 |   +317.7 |    0.285 |    0.285 |    0.285
02:13:00.765 | pan-update   |    929.8 |   +336.3 |    0.254 |    0.254 |    0.254
02:13:00.799 | pan-update   |    945.8 |   +352.2 |    0.228 |    0.228 |    0.228
02:13:00.820 | up           |    976.7 |   +383.2 |    0.228 |        - |    0.228
02:13:00.820 | pan-end      |    976.7 |   +383.2 |    0.228 |        - |    0.228
02:13:00.856 | post-up-35ms |    976.7 |   +383.2 |    0.228 |        - |    0.228
================================================================================


================================================================================
SCROLL TRANSACTION TRACE: [SES-1790449981-100] on [Finder]
Target: AXCell | Scrollbar: AXScrollBar (<AXUIElement 0x7f974b44a470> {pid=511})
Initial AXValue: 0.228 | Last Requested: 0.000
Value at UP: 0.000 | +35ms: 0.000 | +100ms: 0.000
Coalesced / Skipped writes: 7
Classification: [NORMAL_STABLE]
--------------------------------------------------------------------------------
Timestamp    | Phase        |  FingerY |   DeltaY |   ReqVal |  AXWrite | Readback
--------------------------------------------------------------------------------
02:13:01.141 | down         |    594.7 |     +0.0 |    0.228 |        - |    0.228
02:13:02.791 | pan-start    |    622.1 |    +27.4 |    0.228 |        - |    0.228
02:13:02.800 | pan-update   |    622.1 |    +27.4 |    0.184 |    0.184 |    0.184
02:13:02.831 | pan-update   |    717.4 |   +122.7 |    0.028 |    0.028 |    0.028
02:13:02.862 | pan-update   |    788.1 |   +193.4 |    0.000 |    0.000 |    0.000
02:13:02.949 | up           |    979.2 |   +384.5 |    0.000 |        - |    0.000
02:13:02.949 | pan-end      |    979.2 |   +384.5 |    0.000 |        - |    0.000
02:13:02.986 | post-up-35ms |    979.2 |   +384.5 |    0.000 |        - |    0.000
================================================================================


================================================================================
SCROLL TRANSACTION TRACE: [SES-1790449983-166] on [Finder]
Target: AXCell | Scrollbar: AXScrollBar (<AXUIElement 0x7f97459c5c30> {pid=511})
Initial AXValue: 0.000 | Last Requested: 0.650
Value at UP: 0.650 | +35ms: 0.650 | +100ms: 0.650
Coalesced / Skipped writes: 10
Classification: [NORMAL_STABLE]
--------------------------------------------------------------------------------
Timestamp    | Phase        |  FingerY |   DeltaY |   ReqVal |  AXWrite | Readback
--------------------------------------------------------------------------------
02:13:03.319 | down         |    744.9 |     +0.0 |    0.000 |        - |    0.000
02:13:03.383 | pan-start    |    717.5 |    -27.4 |    0.000 |        - |    0.000
02:13:03.396 | pan-update   |    717.5 |    -27.4 |    0.045 |    0.045 |    0.045
02:13:03.426 | pan-update   |    654.7 |    -90.2 |    0.147 |    0.147 |    0.147
02:13:03.459 | pan-update   |    612.2 |   -132.7 |    0.217 |    0.217 |    0.217
02:13:03.486 | pan-update   |    571.7 |   -173.2 |    0.283 |    0.283 |    0.283
02:13:03.523 | pan-update   |    533.3 |   -211.6 |    0.346 |    0.346 |    0.346
02:13:03.549 | pan-update   |    499.5 |   -245.4 |    0.401 |    0.401 |    0.401
02:13:03.587 | pan-update   |    467.2 |   -277.7 |    0.454 |    0.454 |    0.454
02:13:03.616 | pan-update   |    430.0 |   -314.9 |    0.515 |    0.515 |    0.515
02:13:03.646 | pan-update   |    389.0 |   -355.9 |    0.582 |    0.582 |    0.582
02:13:03.681 | pan-update   |    346.9 |   -398.1 |    0.650 |    0.650 |    0.650
02:13:03.702 | up           |    334.3 |   -410.6 |    0.650 |        - |    0.650
02:13:03.702 | pan-end      |    334.3 |   -410.6 |    0.650 |        - |    0.650
02:13:03.738 | post-up-35ms |    334.3 |   -410.6 |    0.650 |        - |    0.650
================================================================================


================================================================================
SCROLL TRANSACTION TRACE: [SES-1790449984-211] on [Finder]
Target: AXStaticText | Scrollbar: AXScrollBar (<AXUIElement 0x7f974b43dbc0> {pid=511})
Initial AXValue: 0.650 | Last Requested: 1.000
Value at UP: 1.000 | +35ms: 1.000 | +100ms: 1.000
Coalesced / Skipped writes: 7
Classification: [NORMAL_STABLE]
--------------------------------------------------------------------------------
Timestamp    | Phase        |  FingerY |   DeltaY |   ReqVal |  AXWrite | Readback
--------------------------------------------------------------------------------
02:13:04.062 | down         |    690.5 |     +0.0 |    0.650 |        - |    0.650
02:13:04.173 | pan-start    |    632.2 |    -58.3 |    0.650 |        - |    0.650
02:13:04.184 | pan-update   |    632.2 |    -58.3 |    0.746 |    0.746 |    0.746
02:13:04.213 | pan-update   |    552.9 |   -137.6 |    0.875 |    0.875 |    0.875
02:13:04.245 | pan-update   |    505.7 |   -184.8 |    0.952 |    0.952 |    0.952
02:13:04.276 | pan-update   |    449.9 |   -240.6 |    1.000 |    1.000 |    1.000
02:13:04.347 | up           |    337.0 |   -353.5 |    1.000 |        - |    1.000
02:13:04.347 | pan-end      |    337.0 |   -353.5 |    1.000 |        - |    1.000
02:13:04.384 | post-up-35ms |    337.0 |   -353.5 |    1.000 |        - |    1.000
================================================================================


================================================================================
SCROLL TRANSACTION TRACE: [SES-1790449984-874] on [Finder]
Target: AXCell | Scrollbar: AXScrollBar (<AXUIElement 0x7f974b427530> {pid=511})
Initial AXValue: 1.000 | Last Requested: 1.000
Value at UP: 1.000 | +35ms: 1.000 | +100ms: 1.000
Coalesced / Skipped writes: 5
Classification: [NORMAL_STABLE]
--------------------------------------------------------------------------------
Timestamp    | Phase        |  FingerY |   DeltaY |   ReqVal |  AXWrite | Readback
--------------------------------------------------------------------------------
02:13:04.614 | down         |    712.9 |     +0.0 |    1.000 |        - |    1.000
02:13:04.734 | pan-start    |    650.8 |    -62.1 |    1.000 |        - |    1.000
02:13:04.811 | up           |    438.6 |   -274.2 |    1.000 |        - |    1.000
02:13:04.811 | pan-end      |    438.6 |   -274.2 |    1.000 |        - |    1.000
02:13:04.848 | post-up-35ms |    438.6 |   -274.2 |    1.000 |        - |    1.000
================================================================================


================================================================================
SCROLL TRANSACTION TRACE: [SES-1790450178-834] on [TextEdit]
Target: AXTextArea | Scrollbar: AXScrollBar (<AXUIElement 0x7fdb37cc8460> {pid=11843})
Initial AXValue: 0.827 | Last Requested: 0.122
Value at UP: 0.122 | +35ms: 0.122 | +100ms: 0.122
Coalesced / Skipped writes: 30
Classification: [NORMAL_STABLE]
--------------------------------------------------------------------------------
Timestamp    | Phase        |  FingerY |   DeltaY |   ReqVal |  AXWrite | Readback
--------------------------------------------------------------------------------
02:16:18.043 | down         |    469.8 |     +0.0 |    0.827 |        - |    0.827
02:16:20.393 | pan-start    |    554.0 |    +84.3 |    0.827 |        - |    0.827
02:16:20.406 | pan-update   |    554.0 |    +84.3 |    0.705 |    0.705 |    0.705
02:16:20.433 | pan-update   |    597.5 |   +127.7 |    0.642 |    0.642 |    0.642
02:16:20.466 | pan-update   |    660.7 |   +190.9 |    0.551 |    0.551 |    0.551
02:16:20.496 | pan-update   |    694.2 |   +224.4 |    0.502 |    0.502 |    0.502
02:16:20.529 | pan-update   |    733.9 |   +264.1 |    0.445 |    0.445 |    0.445
02:16:20.560 | pan-update   |    758.6 |   +288.8 |    0.409 |    0.409 |    0.409
02:16:20.593 | pan-update   |    787.1 |   +317.4 |    0.368 |    0.368 |    0.368
02:16:20.624 | pan-update   |    806.9 |   +337.1 |    0.339 |    0.339 |    0.339
02:16:20.656 | pan-update   |    814.3 |   +344.6 |    0.329 |    0.329 |    0.329
02:16:20.702 | pan-update   |    816.9 |   +347.1 |    0.325 |    0.325 |    0.325
02:16:20.735 | pan-update   |    819.4 |   +349.7 |    0.321 |    0.321 |    0.321
02:16:20.783 | pan-update   |    821.7 |   +352.0 |    0.318 |    0.318 |    0.318
02:16:20.816 | pan-update   |    824.3 |   +354.5 |    0.314 |    0.314 |    0.314
02:16:20.880 | pan-update   |    826.9 |   +357.1 |    0.311 |    0.311 |    0.311
02:16:20.992 | pan-update   |    829.2 |   +359.4 |    0.307 |    0.307 |    0.307
02:16:21.024 | pan-update   |    832.9 |   +363.1 |    0.302 |    0.302 |    0.302
02:16:21.056 | pan-update   |    839.2 |   +369.4 |    0.293 |    0.293 |    0.293
02:16:21.088 | pan-update   |    855.2 |   +385.4 |    0.270 |    0.270 |    0.270
02:16:21.120 | pan-update   |    867.8 |   +398.0 |    0.251 |    0.251 |    0.251
02:16:21.152 | pan-update   |    873.8 |   +404.0 |    0.243 |    0.243 |    0.243
02:16:21.184 | pan-update   |    882.6 |   +412.9 |    0.230 |    0.230 |    0.230
02:16:21.217 | pan-update   |    906.1 |   +436.3 |    0.196 |    0.196 |    0.196
02:16:21.250 | pan-update   |    927.3 |   +457.5 |    0.165 |    0.165 |    0.165
02:16:21.281 | pan-update   |    937.0 |   +467.2 |    0.151 |    0.151 |    0.151
02:16:21.327 | pan-update   |    939.6 |   +469.8 |    0.148 |    0.148 |    0.148
02:16:21.376 | pan-update   |    942.1 |   +472.4 |    0.144 |    0.144 |    0.144
02:16:21.409 | pan-update   |    957.0 |   +487.2 |    0.122 |    0.122 |    0.122
02:16:21.416 | up           |    957.0 |   +487.2 |    0.122 |        - |    0.122
02:16:21.416 | pan-end      |    957.0 |   +487.2 |    0.122 |        - |    0.122
02:16:21.453 | post-up-35ms |    957.0 |   +487.2 |    0.122 |        - |    0.122
================================================================================


================================================================================
SCROLL TRANSACTION TRACE: [SES-1790450181-703] on [TextEdit]
Target: AXTextArea | Scrollbar: AXScrollBar (<AXUIElement 0x7fdb37c68580> {pid=11843})
Initial AXValue: 0.122 | Last Requested: 0.000
Value at UP: 0.000 | +35ms: 0.000 | +100ms: 0.000
Coalesced / Skipped writes: 18
Classification: [NORMAL_STABLE]
--------------------------------------------------------------------------------
Timestamp    | Phase        |  FingerY |   DeltaY |   ReqVal |  AXWrite | Readback
--------------------------------------------------------------------------------
02:16:21.848 | down         |    546.4 |     +0.0 |    0.122 |        - |    0.122
02:16:21.962 | pan-start    |    593.6 |    +47.2 |    0.122 |        - |    0.122
02:16:21.971 | pan-update   |    593.6 |    +47.2 |    0.054 |    0.054 |    0.054
02:16:22.002 | pan-update   |    656.8 |   +110.4 |    0.000 |    0.000 |    0.000
02:16:22.361 | up           |    778.3 |   +231.9 |    0.000 |        - |    0.000
02:16:22.361 | pan-end      |    778.3 |   +231.9 |    0.000 |        - |    0.000
02:16:22.397 | post-up-35ms |    778.3 |   +231.9 |    0.000 |        - |    0.000
================================================================================


================================================================================
SCROLL TRANSACTION TRACE: [SES-1790450182-127] on [TextEdit]
Target: AXTextArea | Scrollbar: AXScrollBar (<AXUIElement 0x7fdb36f2b650> {pid=11843})
Initial AXValue: 0.000 | Last Requested: 0.488
Value at UP: 0.488 | +35ms: 0.488 | +100ms: 0.488
Coalesced / Skipped writes: 9
Classification: [NORMAL_STABLE]
--------------------------------------------------------------------------------
Timestamp    | Phase        |  FingerY |   DeltaY |   ReqVal |  AXWrite | Readback
--------------------------------------------------------------------------------
02:16:22.649 | down         |    737.5 |     +0.0 |    0.000 |        - |    0.000
02:16:22.762 | pan-start    |    691.5 |    -46.0 |    0.000 |        - |    0.000
02:16:22.771 | pan-update   |    691.5 |    -46.0 |    0.067 |    0.067 |    0.067
02:16:22.803 | pan-update   |    628.3 |   -109.3 |    0.158 |    0.158 |    0.158
02:16:22.835 | pan-update   |    588.7 |   -148.8 |    0.215 |    0.215 |    0.215
02:16:22.866 | pan-update   |    556.4 |   -181.1 |    0.262 |    0.262 |    0.262
02:16:22.897 | pan-update   |    519.2 |   -218.3 |    0.316 |    0.316 |    0.316
02:16:22.928 | pan-update   |    494.3 |   -243.2 |    0.351 |    0.351 |    0.351
02:16:22.960 | pan-update   |    463.4 |   -274.2 |    0.396 |    0.396 |    0.396
02:16:22.994 | pan-update   |    443.6 |   -294.0 |    0.425 |    0.425 |    0.425
02:16:23.025 | pan-update   |    426.1 |   -311.4 |    0.450 |    0.450 |    0.450
02:16:23.058 | pan-update   |    400.0 |   -337.5 |    0.488 |    0.488 |    0.488
02:16:23.065 | up           |    400.0 |   -337.5 |    0.488 |        - |    0.488
02:16:23.066 | pan-end      |    400.0 |   -337.5 |    0.488 |        - |    0.488
02:16:23.103 | post-up-35ms |    400.0 |   -337.5 |    0.488 |        - |    0.488
================================================================================


================================================================================
SCROLL TRANSACTION TRACE: [SES-1790450183-820] on [TextEdit]
Target: AXTextArea | Scrollbar: AXScrollBar (<AXUIElement 0x7fdb37c82b20> {pid=11843})
Initial AXValue: 0.488 | Last Requested: 0.852
Value at UP: 0.852 | +35ms: 0.852 | +100ms: 0.852
Coalesced / Skipped writes: 4
Classification: [NORMAL_STABLE]
--------------------------------------------------------------------------------
Timestamp    | Phase        |  FingerY |   DeltaY |   ReqVal |  AXWrite | Readback
--------------------------------------------------------------------------------
02:16:23.442 | down         |    732.4 |     +0.0 |    0.488 |        - |    0.488
02:16:23.547 | pan-start    |    691.5 |    -40.9 |    0.488 |        - |    0.488
02:16:23.555 | pan-update   |    691.5 |    -40.9 |    0.547 |    0.547 |    0.547
02:16:23.590 | pan-update   |    592.4 |   -140.1 |    0.690 |    0.690 |    0.690
02:16:23.620 | pan-update   |    535.1 |   -197.3 |    0.773 |    0.773 |    0.773
02:16:23.653 | pan-update   |    480.6 |   -251.8 |    0.852 |    0.852 |    0.852
02:16:23.674 | up           |    458.3 |   -274.1 |    0.852 |        - |    0.852
02:16:23.674 | pan-end      |    458.3 |   -274.1 |    0.852 |        - |    0.852
02:16:23.711 | post-up-35ms |    458.3 |   -274.1 |    0.852 |        - |    0.852
================================================================================


================================================================================
SCROLL TRANSACTION TRACE: [SES-1790450184-934] on [TextEdit]
Target: AXTextArea | Scrollbar: AXScrollBar (<AXUIElement 0x7fdb3cc3e760> {pid=11843})
Initial AXValue: 0.852 | Last Requested: 0.261
Value at UP: 0.261 | +35ms: 0.261 | +100ms: 0.261
Coalesced / Skipped writes: 28
Classification: [NORMAL_STABLE]
--------------------------------------------------------------------------------
Timestamp    | Phase        |  FingerY |   DeltaY |   ReqVal |  AXWrite | Readback
--------------------------------------------------------------------------------
02:16:24.194 | down         |    357.9 |     +0.0 |    0.852 |        - |    0.852
02:16:24.294 | pan-start    |    610.8 |   +252.9 |    0.852 |        - |    0.852
02:16:24.316 | pan-update   |    610.8 |   +252.9 |    0.486 |    0.486 |    0.486
02:16:24.361 | pan-update   |    423.4 |    +65.5 |    0.757 |    0.757 |    0.757
02:16:24.398 | pan-update   |    471.7 |   +113.8 |    0.687 |    0.687 |    0.687
02:16:24.427 | pan-update   |    495.4 |   +137.5 |    0.653 |    0.653 |    0.653
02:16:24.460 | pan-update   |    518.8 |   +160.9 |    0.619 |    0.619 |    0.619
02:16:24.493 | pan-update   |    539.9 |   +182.1 |    0.588 |    0.588 |    0.588
02:16:24.525 | pan-update   |    559.7 |   +201.8 |    0.560 |    0.560 |    0.560
02:16:24.556 | pan-update   |    575.7 |   +217.8 |    0.537 |    0.537 |    0.537
02:16:24.587 | pan-update   |    593.1 |   +235.3 |    0.512 |    0.512 |    0.512
02:16:24.619 | pan-update   |    605.4 |   +247.6 |    0.494 |    0.494 |    0.494
02:16:24.651 | pan-update   |    615.0 |   +257.2 |    0.480 |    0.480 |    0.480
02:16:24.700 | pan-update   |    618.0 |   +260.1 |    0.476 |    0.476 |    0.476
02:16:24.748 | pan-update   |    894.3 |   +536.5 |    0.076 |    0.076 |    0.076
02:16:24.794 | pan-update   |    624.0 |   +266.2 |    0.467 |    0.467 |    0.467
02:16:24.827 | pan-update   |    629.9 |   +272.0 |    0.458 |    0.458 |    0.458
02:16:24.860 | pan-update   |    633.6 |   +275.7 |    0.453 |    0.453 |    0.453
02:16:24.891 | pan-update   |    637.3 |   +279.4 |    0.448 |    0.448 |    0.448
02:16:24.923 | pan-update   |    644.7 |   +286.9 |    0.437 |    0.437 |    0.437
02:16:24.955 | pan-update   |    654.5 |   +296.6 |    0.423 |    0.423 |    0.423
02:16:24.987 | pan-update   |    665.7 |   +307.8 |    0.407 |    0.407 |    0.407
02:16:25.019 | pan-update   |    678.2 |   +320.3 |    0.389 |    0.389 |    0.389
02:16:25.053 | pan-update   |    714.7 |   +356.8 |    0.336 |    0.336 |    0.336
02:16:25.087 | pan-update   |    766.8 |   +408.9 |    0.261 |    0.261 |    0.261
02:16:25.109 | up           |    787.7 |   +429.8 |    0.261 |        - |    0.261
02:16:25.109 | pan-end      |    787.7 |   +429.8 |    0.261 |        - |    0.261
02:16:25.145 | post-up-35ms |    787.7 |   +429.8 |    0.261 |        - |    0.261
================================================================================


================================================================================
SCROLL TRANSACTION TRACE: [SES-1790450185-639] on [TextEdit]
Target: AXTextArea | Scrollbar: AXScrollBar (<AXUIElement 0x7fdb37878610> {pid=11843})
Initial AXValue: 0.261 | Last Requested: 0.874
Value at UP: 0.874 | +35ms: 0.874 | +100ms: 0.874
Coalesced / Skipped writes: 61
Classification: [NORMAL_STABLE]
--------------------------------------------------------------------------------
Timestamp    | Phase        |  FingerY |   DeltaY |   ReqVal |  AXWrite | Readback
--------------------------------------------------------------------------------
02:16:25.850 | down         |    723.8 |     +0.0 |    0.261 |        - |    0.261
02:16:26.188 | pan-start    |    702.6 |    -21.2 |    0.261 |        - |    0.261
02:16:26.195 | pan-update   |    702.6 |    -21.2 |    0.291 |    0.291 |    0.291
02:16:26.225 | pan-update   |    684.0 |    -39.7 |    0.318 |    0.318 |    0.318
02:16:26.258 | pan-update   |    672.9 |    -50.9 |    0.334 |    0.334 |    0.334
02:16:26.289 | pan-update   |    665.4 |    -58.3 |    0.345 |    0.345 |    0.345
02:16:26.320 | pan-update   |    659.4 |    -64.4 |    0.354 |    0.354 |    0.354
02:16:26.368 | pan-update   |    656.8 |    -66.9 |    0.357 |    0.357 |    0.357
02:16:26.401 | pan-update   |    653.1 |    -70.7 |    0.363 |    0.363 |    0.363
02:16:26.432 | pan-update   |    650.5 |    -73.2 |    0.366 |    0.366 |    0.366
02:16:26.481 | pan-update   |    648.2 |    -75.5 |    0.370 |    0.370 |    0.370
02:16:26.512 | pan-update   |    645.7 |    -78.1 |    0.373 |    0.373 |    0.373
02:16:26.544 | pan-update   |    643.1 |    -80.7 |    0.377 |    0.377 |    0.377
02:16:26.577 | pan-update   |    639.4 |    -84.4 |    0.383 |    0.383 |    0.383
02:16:26.608 | pan-update   |    635.7 |    -88.1 |    0.388 |    0.388 |    0.388
02:16:26.642 | pan-update   |    630.8 |    -93.0 |    0.395 |    0.395 |    0.395
02:16:26.675 | pan-update   |    624.5 |    -99.3 |    0.404 |    0.404 |    0.404
02:16:26.706 | pan-update   |    618.5 |   -105.3 |    0.413 |    0.413 |    0.413
02:16:26.738 | pan-update   |    611.0 |   -112.7 |    0.424 |    0.424 |    0.424
02:16:26.769 | pan-update   |    603.6 |   -120.2 |    0.434 |    0.434 |    0.434
02:16:26.802 | pan-update   |    597.3 |   -126.4 |    0.443 |    0.443 |    0.443
02:16:26.833 | pan-update   |    591.0 |   -132.7 |    0.452 |    0.452 |    0.452
02:16:26.865 | pan-update   |    587.3 |   -136.4 |    0.458 |    0.458 |    0.458
02:16:26.899 | pan-update   |    583.6 |   -140.2 |    0.463 |    0.463 |    0.463
02:16:26.929 | pan-update   |    579.9 |   -143.9 |    0.469 |    0.469 |    0.469
02:16:26.961 | pan-update   |    577.5 |   -146.2 |    0.472 |    0.472 |    0.472
02:16:26.993 | pan-update   |    573.8 |   -149.9 |    0.477 |    0.477 |    0.477
02:16:27.025 | pan-update   |    571.3 |   -152.5 |    0.481 |    0.481 |    0.481
02:16:27.057 | pan-update   |    566.4 |   -157.4 |    0.488 |    0.488 |    0.488
02:16:27.089 | pan-update   |    558.9 |   -164.8 |    0.499 |    0.499 |    0.499
02:16:27.122 | pan-update   |    550.1 |   -173.7 |    0.512 |    0.512 |    0.512
02:16:27.154 | pan-update   |    538.9 |   -184.8 |    0.528 |    0.528 |    0.528
02:16:27.186 | pan-update   |    527.8 |   -196.0 |    0.544 |    0.544 |    0.544
02:16:27.218 | pan-update   |    518.0 |   -205.7 |    0.558 |    0.558 |    0.558
02:16:27.250 | pan-update   |    510.6 |   -213.2 |    0.569 |    0.569 |    0.569
02:16:27.283 | pan-update   |    505.4 |   -218.3 |    0.576 |    0.576 |    0.576
02:16:27.315 | pan-update   |    498.0 |   -225.8 |    0.587 |    0.587 |    0.587
02:16:27.346 | pan-update   |    489.4 |   -234.4 |    0.599 |    0.599 |    0.599
02:16:27.377 | pan-update   |    478.2 |   -245.5 |    0.615 |    0.615 |    0.615
02:16:27.411 | pan-update   |    468.2 |   -255.5 |    0.630 |    0.630 |    0.630
02:16:27.442 | pan-update   |    460.8 |   -263.0 |    0.641 |    0.641 |    0.641
02:16:27.474 | pan-update   |    455.9 |   -267.8 |    0.648 |    0.648 |    0.648
02:16:27.506 | pan-update   |    452.2 |   -271.6 |    0.653 |    0.653 |    0.653
02:16:27.539 | pan-update   |    448.5 |   -275.3 |    0.658 |    0.658 |    0.658
02:16:27.569 | pan-update   |    445.9 |   -277.9 |    0.662 |    0.662 |    0.662
02:16:27.601 | pan-update   |    443.6 |   -280.2 |    0.666 |    0.666 |    0.666
02:16:27.633 | pan-update   |    441.0 |   -282.7 |    0.669 |    0.669 |    0.669
02:16:27.667 | pan-update   |    437.3 |   -286.5 |    0.675 |    0.675 |    0.675
02:16:27.699 | pan-update   |    429.9 |   -293.9 |    0.685 |    0.685 |    0.685
02:16:27.730 | pan-update   |    416.1 |   -307.6 |    0.705 |    0.705 |    0.705
02:16:27.762 | pan-update   |    400.1 |   -323.7 |    0.728 |    0.728 |    0.728
02:16:27.794 | pan-update   |    387.8 |   -336.0 |    0.746 |    0.746 |    0.746
02:16:27.826 | pan-update   |    380.3 |   -343.4 |    0.757 |    0.757 |    0.757
02:16:27.859 | pan-update   |    374.0 |   -349.7 |    0.766 |    0.766 |    0.766
02:16:27.890 | pan-update   |    369.1 |   -354.6 |    0.773 |    0.773 |    0.773
02:16:27.922 | pan-update   |    361.7 |   -362.1 |    0.784 |    0.784 |    0.784
02:16:27.954 | pan-update   |    351.7 |   -372.1 |    0.798 |    0.798 |    0.798
02:16:27.987 | pan-update   |    340.5 |   -383.3 |    0.814 |    0.814 |    0.814
02:16:28.018 | pan-update   |    328.2 |   -395.6 |    0.832 |    0.832 |    0.832
02:16:28.051 | pan-update   |    318.2 |   -405.6 |    0.847 |    0.847 |    0.847
02:16:28.082 | pan-update   |    310.7 |   -413.0 |    0.857 |    0.857 |    0.857
02:16:28.114 | pan-update   |    299.5 |   -424.2 |    0.874 |    0.874 |    0.874
02:16:28.138 | up           |    269.7 |   -454.0 |    0.874 |        - |    0.874
02:16:28.139 | pan-end      |    269.7 |   -454.0 |    0.874 |        - |    0.874
02:16:28.176 | post-up-35ms |    269.7 |   -454.0 |    0.874 |        - |    0.874
================================================================================


================================================================================
SCROLL TRANSACTION TRACE: [SES-1790450188-629] on [TextEdit]
Target: AXTextArea | Scrollbar: AXScrollBar (<AXUIElement 0x7fdb3a3f4700> {pid=11843})
Initial AXValue: 0.874 | Last Requested: 0.833
Value at UP: 0.833 | +35ms: 0.833 | +100ms: 0.833
Coalesced / Skipped writes: 74
Classification: [NORMAL_STABLE]
--------------------------------------------------------------------------------
Timestamp    | Phase        |  FingerY |   DeltaY |   ReqVal |  AXWrite | Readback
--------------------------------------------------------------------------------
02:16:28.725 | down         |    722.6 |     +0.0 |    0.874 |        - |    0.874
02:16:28.990 | pan-start    |    674.2 |    -48.4 |    0.874 |        - |    0.874
02:16:28.999 | pan-update   |    674.2 |    -48.4 |    0.944 |    0.944 |    0.944
02:16:29.028 | pan-update   |    640.7 |    -81.9 |    0.992 |    0.992 |    0.992
02:16:29.058 | pan-update   |    631.9 |    -90.7 |    1.000 |    1.000 |    1.000
02:16:30.131 | pan-update   |    640.6 |    -82.0 |    0.992 |    0.992 |    0.992
02:16:30.164 | pan-update   |    655.5 |    -67.1 |    0.971 |    0.971 |    0.971
02:16:30.196 | pan-update   |    681.5 |    -41.1 |    0.933 |    0.933 |    0.933
02:16:30.228 | pan-update   |    701.3 |    -21.3 |    0.904 |    0.904 |    0.904
02:16:30.259 | pan-update   |    709.9 |    -12.7 |    0.892 |    0.892 |    0.892
02:16:30.308 | pan-update   |    715.0 |     -7.6 |    0.885 |    0.885 |    0.885
02:16:30.341 | pan-update   |    727.3 |     +4.7 |    0.867 |    0.867 |    0.867
02:16:30.372 | pan-update   |    741.1 |    +18.4 |    0.847 |    0.847 |    0.847
02:16:30.403 | pan-update   |    750.8 |    +28.2 |    0.833 |    0.833 |    0.833
02:16:30.429 | up           |    753.4 |    +30.8 |    0.833 |        - |    0.833
02:16:30.429 | pan-end      |    753.4 |    +30.8 |    0.833 |        - |    0.833
02:16:30.464 | post-up-35ms |    753.4 |    +30.8 |    0.833 |        - |    0.833
================================================================================


================================================================================
SCROLL TRANSACTION TRACE: [SES-1790450190-592] on [TextEdit]
Target: AXTextArea | Scrollbar: AXScrollBar (<AXUIElement 0x7fdb3f40f3f0> {pid=11843})
Initial AXValue: 0.833 | Last Requested: 0.318
Value at UP: 0.318 | +35ms: 0.318 | +100ms: 0.318
Coalesced / Skipped writes: 25
Classification: [NORMAL_STABLE]
--------------------------------------------------------------------------------
Timestamp    | Phase        |  FingerY |   DeltaY |   ReqVal |  AXWrite | Readback
--------------------------------------------------------------------------------
02:16:30.823 | down         |    498.0 |     +0.0 |    0.833 |        - |    0.833
02:16:31.023 | pan-start    |    527.7 |    +29.7 |    0.833 |        - |    0.833
02:16:31.031 | pan-update   |    527.7 |    +29.7 |    0.790 |    0.790 |    0.790
02:16:31.060 | pan-update   |    545.1 |    +47.1 |    0.765 |    0.765 |    0.765
02:16:31.092 | pan-update   |    550.0 |    +52.0 |    0.758 |    0.758 |    0.758
02:16:31.139 | pan-update   |    553.7 |    +55.7 |    0.752 |    0.752 |    0.752
02:16:31.172 | pan-update   |    561.2 |    +63.2 |    0.742 |    0.742 |    0.742
02:16:31.204 | pan-update   |    571.2 |    +73.1 |    0.727 |    0.727 |    0.727
02:16:31.236 | pan-update   |    581.2 |    +83.1 |    0.713 |    0.713 |    0.713
02:16:31.268 | pan-update   |    592.3 |    +94.3 |    0.697 |    0.697 |    0.697
02:16:31.301 | pan-update   |    600.9 |   +102.9 |    0.684 |    0.684 |    0.684
02:16:31.333 | pan-update   |    610.9 |   +112.9 |    0.670 |    0.670 |    0.670
02:16:31.366 | pan-update   |    646.7 |   +148.7 |    0.618 |    0.618 |    0.618
02:16:31.396 | pan-update   |    667.9 |   +169.9 |    0.587 |    0.587 |    0.587
02:16:31.427 | pan-update   |    679.1 |   +181.1 |    0.571 |    0.571 |    0.571
02:16:31.461 | pan-update   |    694.0 |   +195.9 |    0.550 |    0.550 |    0.550
02:16:31.492 | pan-update   |    712.6 |   +214.6 |    0.523 |    0.523 |    0.523
02:16:31.524 | pan-update   |    727.5 |   +229.4 |    0.501 |    0.501 |    0.501
02:16:31.556 | pan-update   |    734.9 |   +236.9 |    0.491 |    0.491 |    0.491
02:16:31.604 | pan-update   |    741.2 |   +243.2 |    0.481 |    0.481 |    0.481
02:16:31.637 | pan-update   |    767.3 |   +269.2 |    0.444 |    0.444 |    0.444
02:16:31.670 | pan-update   |    798.2 |   +300.2 |    0.399 |    0.399 |    0.399
02:16:31.701 | pan-update   |    810.5 |   +312.5 |    0.381 |    0.381 |    0.381
02:16:31.733 | pan-update   |    832.8 |   +334.8 |    0.349 |    0.349 |    0.349
02:16:31.766 | pan-update   |    851.4 |   +353.4 |    0.322 |    0.322 |    0.322
02:16:31.796 | pan-update   |    856.5 |   +358.5 |    0.315 |    0.315 |    0.315
02:16:32.019 | pan-update   |    854.0 |   +356.0 |    0.318 |    0.318 |    0.318
02:16:32.030 | up           |    854.0 |   +356.0 |    0.318 |        - |    0.318
02:16:32.030 | pan-end      |    854.0 |   +356.0 |    0.318 |        - |    0.318
02:16:32.067 | post-up-35ms |    854.0 |   +356.0 |    0.318 |        - |    0.318
================================================================================


================================================================================
SCROLL TRANSACTION TRACE: [SES-1790450192-342] on [TextEdit]
Target: AXTextArea | Scrollbar: AXScrollBar (<AXUIElement 0x7fdb36f35900> {pid=11843})
Initial AXValue: 0.318 | Last Requested: 0.595
Value at UP: 0.595 | +35ms: 0.595 | +100ms: 0.595
Coalesced / Skipped writes: 46
Classification: [NORMAL_STABLE]
--------------------------------------------------------------------------------
Timestamp    | Phase        |  FingerY |   DeltaY |   ReqVal |  AXWrite | Readback
--------------------------------------------------------------------------------
02:16:32.333 | down         |    463.4 |     +0.0 |    0.318 |        - |    0.318
02:16:32.448 | pan-start    |    510.6 |    +47.2 |    0.318 |        - |    0.318
02:16:32.456 | pan-update   |    510.6 |    +47.2 |    0.250 |    0.250 |    0.250
02:16:32.489 | pan-update   |    577.5 |   +114.1 |    0.154 |    0.154 |    0.154
02:16:32.520 | pan-update   |    614.7 |   +151.3 |    0.100 |    0.100 |    0.100
02:16:32.552 | pan-update   |    653.1 |   +189.7 |    0.044 |    0.044 |    0.044
02:16:32.583 | pan-update   |    687.7 |   +224.3 |    0.000 |    0.000 |    0.000
02:16:33.349 | pan-update   |    681.7 |   +218.3 |    0.003 |    0.003 |    0.003
02:16:33.384 | pan-update   |    646.8 |   +183.4 |    0.053 |    0.053 |    0.053
02:16:33.415 | pan-update   |    614.7 |   +151.3 |    0.100 |    0.100 |    0.100
02:16:33.446 | pan-update   |    593.6 |   +130.2 |    0.130 |    0.130 |    0.130
02:16:33.478 | pan-update   |    560.1 |    +96.7 |    0.179 |    0.179 |    0.179
02:16:33.511 | pan-update   |    536.6 |    +73.2 |    0.213 |    0.213 |    0.213
02:16:33.544 | pan-update   |    503.1 |    +39.7 |    0.261 |    0.261 |    0.261
02:16:33.575 | pan-update   |    470.8 |     +7.4 |    0.308 |    0.308 |    0.308
02:16:33.607 | pan-update   |    431.0 |    -32.4 |    0.365 |    0.365 |    0.365
02:16:33.639 | pan-update   |    383.9 |    -79.5 |    0.433 |    0.433 |    0.433
02:16:33.671 | pan-update   |    341.6 |   -121.8 |    0.495 |    0.495 |    0.495
02:16:33.703 | pan-update   |    306.9 |   -156.5 |    0.545 |    0.545 |    0.545
02:16:33.736 | pan-update   |    278.2 |   -185.2 |    0.586 |    0.586 |    0.586
02:16:33.765 | pan-update   |    272.2 |   -191.2 |    0.595 |    0.595 |    0.595
02:16:33.839 | up           |    272.2 |   -191.2 |    0.595 |        - |    0.595
02:16:33.839 | pan-end      |    272.2 |   -191.2 |    0.595 |        - |    0.595
02:16:33.877 | post-up-35ms |    272.2 |   -191.2 |    0.595 |        - |    0.595
================================================================================


================================================================================
SCROLL TRANSACTION TRACE: [SES-1790450194-461] on [TextEdit]
Target: AXTextArea | Scrollbar: AXScrollBar (<AXUIElement 0x7fdb36f54b30> {pid=11843})
Initial AXValue: 0.595 | Last Requested: 1.000
Value at UP: 1.000 | +35ms: 1.000 | +100ms: 1.000
Coalesced / Skipped writes: 15
Classification: [NORMAL_STABLE]
--------------------------------------------------------------------------------
Timestamp    | Phase        |  FingerY |   DeltaY |   ReqVal |  AXWrite | Readback
--------------------------------------------------------------------------------
02:16:34.192 | down         |    734.0 |     +0.0 |    0.595 |        - |    0.595
02:16:34.240 | pan-start    |    710.2 |    -23.7 |    0.595 |        - |    0.595
02:16:34.246 | pan-update   |    710.2 |    -23.7 |    0.629 |    0.629 |    0.629
02:16:34.281 | pan-update   |    639.5 |    -94.5 |    0.731 |    0.731 |    0.731
02:16:34.313 | pan-update   |    570.1 |   -163.8 |    0.832 |    0.832 |    0.832
02:16:34.346 | pan-update   |    497.9 |   -236.0 |    0.936 |    0.936 |    0.936
02:16:34.376 | pan-update   |    423.4 |   -310.5 |    1.000 |    1.000 |    1.000
02:16:34.559 | up           |    260.8 |   -473.1 |    1.000 |        - |    1.000
02:16:34.559 | pan-end      |    260.8 |   -473.1 |    1.000 |        - |    1.000
02:16:34.595 | post-up-35ms |    260.8 |   -473.1 |    1.000 |        - |    1.000
================================================================================


================================================================================
SCROLL TRANSACTION TRACE: [SES-1790450194-968] on [TextEdit]
Target: AXTextArea | Scrollbar: AXScrollBar (<AXUIElement 0x7fdb37c95410> {pid=11843})
Initial AXValue: 1.000 | Last Requested: 0.315
Value at UP: 0.315 | +35ms: 0.315 | +100ms: 0.315
Coalesced / Skipped writes: 10
Classification: [NORMAL_STABLE]
--------------------------------------------------------------------------------
Timestamp    | Phase        |  FingerY |   DeltaY |   ReqVal |  AXWrite | Readback
--------------------------------------------------------------------------------
02:16:34.943 | down         |    428.6 |     +0.0 |    1.000 |        - |    1.000
02:16:35.041 | pan-start    |    478.1 |    +49.5 |    1.000 |        - |    1.000
02:16:35.050 | pan-update   |    478.1 |    +49.5 |    0.928 |    0.928 |    0.928
02:16:35.083 | pan-update   |    566.3 |   +137.7 |    0.801 |    0.801 |    0.801
02:16:35.114 | pan-update   |    629.5 |   +200.9 |    0.710 |    0.710 |    0.710
02:16:35.145 | pan-update   |    687.7 |   +259.1 |    0.626 |    0.626 |    0.626
02:16:35.177 | pan-update   |    738.6 |   +310.0 |    0.552 |    0.552 |    0.552
02:16:35.209 | pan-update   |    791.9 |   +363.3 |    0.475 |    0.475 |    0.475
02:16:35.241 | pan-update   |    841.7 |   +413.1 |    0.403 |    0.403 |    0.403
02:16:35.272 | pan-update   |    877.5 |   +448.9 |    0.351 |    0.351 |    0.351
02:16:35.303 | pan-update   |    896.1 |   +467.5 |    0.324 |    0.324 |    0.324
02:16:35.334 | pan-update   |    902.4 |   +473.8 |    0.315 |    0.315 |    0.315
02:16:35.407 | up           |    902.4 |   +473.8 |    0.315 |        - |    0.315
02:16:35.407 | pan-end      |    902.4 |   +473.8 |    0.315 |        - |    0.315
02:16:35.444 | post-up-35ms |    902.4 |   +473.8 |    0.315 |        - |    0.315
================================================================================


================================================================================
SCROLL TRANSACTION TRACE: [SES-1790450195-827] on [TextEdit]
Target: AXTextArea | Scrollbar: AXScrollBar (<AXUIElement 0x7fdb3f40f380> {pid=11843})
Initial AXValue: 0.315 | Last Requested: 0.382
Value at UP: 0.382 | +35ms: 0.382 | +100ms: 0.382
Coalesced / Skipped writes: 36
Classification: [NORMAL_STABLE]
--------------------------------------------------------------------------------
Timestamp    | Phase        |  FingerY |   DeltaY |   ReqVal |  AXWrite | Readback
--------------------------------------------------------------------------------
02:16:35.709 | down         |    468.1 |     +0.0 |    0.315 |        - |    0.315
02:16:35.793 | pan-start    |    500.5 |    +32.4 |    0.315 |        - |    0.315
02:16:35.801 | pan-update   |    500.5 |    +32.4 |    0.269 |    0.269 |    0.269
02:16:35.834 | pan-update   |    581.2 |   +113.1 |    0.152 |    0.152 |    0.152
02:16:35.864 | pan-update   |    622.1 |   +154.0 |    0.093 |    0.093 |    0.093
02:16:35.896 | pan-update   |    667.9 |   +199.8 |    0.027 |    0.027 |    0.027
02:16:35.927 | pan-update   |    708.8 |   +240.7 |    0.000 |    0.000 |    0.000
02:16:36.552 | pan-update   |    665.3 |   +197.2 |    0.030 |    0.030 |    0.030
02:16:36.587 | pan-update   |    620.6 |   +152.5 |    0.095 |    0.095 |    0.095
02:16:36.619 | pan-update   |    574.8 |   +106.7 |    0.161 |    0.161 |    0.161
02:16:36.650 | pan-update   |    529.0 |    +60.9 |    0.227 |    0.227 |    0.227
02:16:36.682 | pan-update   |    478.0 |     +9.9 |    0.301 |    0.301 |    0.301
02:16:36.714 | pan-update   |    422.2 |    -45.9 |    0.382 |    0.382 |    0.382
02:16:36.736 | up           |    382.3 |    -85.8 |    0.382 |        - |    0.382
02:16:36.736 | pan-end      |    382.3 |    -85.8 |    0.382 |        - |    0.382
02:16:36.772 | post-up-35ms |    382.3 |    -85.8 |    0.382 |        - |    0.382
================================================================================


================================================================================
SCROLL TRANSACTION TRACE: [SES-1790450197-473] on [TextEdit]
Target: AXTextArea | Scrollbar: AXScrollBar (<AXUIElement 0x7fdb3cc95350> {pid=11843})
Initial AXValue: 0.382 | Last Requested: 1.000
Value at UP: 1.000 | +35ms: 1.000 | +100ms: 1.000
Coalesced / Skipped writes: 5
Classification: [NORMAL_STABLE]
--------------------------------------------------------------------------------
Timestamp    | Phase        |  FingerY |   DeltaY |   ReqVal |  AXWrite | Readback
--------------------------------------------------------------------------------
02:16:37.263 | down         |    725.0 |     +0.0 |    0.382 |        - |    0.382
02:16:37.314 | pan-start    |    700.3 |    -24.7 |    0.382 |        - |    0.382
02:16:37.320 | pan-update   |    700.3 |    -24.7 |    0.417 |    0.417 |    0.417
02:16:37.356 | pan-update   |    620.7 |   -104.3 |    0.532 |    0.532 |    0.532
02:16:37.390 | pan-update   |    526.4 |   -198.6 |    0.669 |    0.669 |    0.669
02:16:37.423 | pan-update   |    419.5 |   -305.5 |    0.823 |    0.823 |    0.823
02:16:37.452 | pan-update   |    330.0 |   -395.0 |    0.953 |    0.953 |    0.953
02:16:37.479 | pan-update   |    275.4 |   -449.6 |    1.000 |    1.000 |    1.000
02:16:37.489 | up           |    275.4 |   -449.6 |    1.000 |        - |    1.000
02:16:37.489 | pan-end      |    275.4 |   -449.6 |    1.000 |        - |    1.000
02:16:37.526 | post-up-35ms |    275.4 |   -449.6 |    1.000 |        - |    1.000
================================================================================


================================================================================
SCROLL TRANSACTION TRACE: [SES-1790450198-908] on [TextEdit]
Target: AXTextArea | Scrollbar: AXScrollBar (<AXUIElement 0x7fdb3f40f650> {pid=11843})
Initial AXValue: 1.000 | Last Requested: 0.584
Value at UP: 0.584 | +35ms: 0.584 | +100ms: 0.584
Coalesced / Skipped writes: 4
Classification: [NORMAL_STABLE]
--------------------------------------------------------------------------------
Timestamp    | Phase        |  FingerY |   DeltaY |   ReqVal |  AXWrite | Readback
--------------------------------------------------------------------------------
02:16:38.192 | down         |    537.6 |     +0.0 |    1.000 |        - |    1.000
02:16:38.243 | pan-start    |    562.5 |    +24.9 |    1.000 |        - |    1.000
02:16:38.251 | pan-update   |    562.5 |    +24.9 |    0.964 |    0.964 |    0.964
02:16:38.283 | pan-update   |    633.3 |    +95.7 |    0.862 |    0.862 |    0.862
02:16:38.316 | pan-update   |    707.8 |   +170.2 |    0.754 |    0.754 |    0.754
02:16:38.347 | pan-update   |    771.1 |   +233.5 |    0.663 |    0.663 |    0.663
02:16:38.379 | pan-update   |    825.6 |   +288.0 |    0.584 |    0.584 |    0.584
02:16:38.385 | up           |    825.6 |   +288.0 |    0.584 |        - |    0.584
02:16:38.385 | pan-end      |    825.6 |   +288.0 |    0.584 |        - |    0.584
02:16:38.422 | post-up-35ms |    825.6 |   +288.0 |    0.584 |        - |    0.584
================================================================================


================================================================================
SCROLL TRANSACTION TRACE: [SES-1790450198-361] on [TextEdit]
Target: AXTextArea | Scrollbar: AXScrollBar (<AXUIElement 0x7fdb3cc9f920> {pid=11843})
Initial AXValue: 0.584 | Last Requested: 0.272
Value at UP: 0.272 | +35ms: 0.272 | +100ms: 0.272
Coalesced / Skipped writes: 1
Classification: [NORMAL_STABLE]
--------------------------------------------------------------------------------
Timestamp    | Phase        |  FingerY |   DeltaY |   ReqVal |  AXWrite | Readback
--------------------------------------------------------------------------------
02:16:38.673 | down         |    519.1 |     +0.0 |    0.584 |        - |    0.584
02:16:38.691 | pan-start    |    566.4 |    +47.2 |    0.584 |        - |    0.584
02:16:38.699 | pan-update   |    566.4 |    +47.2 |    0.516 |    0.516 |    0.516
02:16:38.738 | pan-update   |    735.1 |   +216.0 |    0.272 |    0.272 |    0.272
02:16:38.738 | up           |    735.1 |   +216.0 |    0.272 |        - |    0.272
02:16:38.739 | pan-end      |    735.1 |   +216.0 |    0.272 |        - |    0.272
02:16:38.776 | post-up-35ms |    735.1 |   +216.0 |    0.272 |        - |    0.272
================================================================================


================================================================================
SCROLL TRANSACTION TRACE: [SES-1790450199-144] on [TextEdit]
Target: AXTextArea | Scrollbar: AXScrollBar (<AXUIElement 0x7fdb3cc8e3e0> {pid=11843})
Initial AXValue: 0.272 | Last Requested: 0.791
Value at UP: 0.791 | +35ms: 0.791 | +100ms: 0.791
Coalesced / Skipped writes: 3
Classification: [NORMAL_STABLE]
--------------------------------------------------------------------------------
Timestamp    | Phase        |  FingerY |   DeltaY |   ReqVal |  AXWrite | Readback
--------------------------------------------------------------------------------
02:16:39.153 | down         |    724.0 |     +0.0 |    0.272 |        - |    0.272
02:16:39.187 | pan-start    |    693.1 |    -31.0 |    0.272 |        - |    0.272
02:16:39.193 | pan-update   |    693.1 |    -31.0 |    0.316 |    0.316 |    0.316
02:16:39.229 | pan-update   |    593.6 |   -130.4 |    0.460 |    0.460 |    0.460
02:16:39.263 | pan-update   |    473.2 |   -250.9 |    0.634 |    0.634 |    0.634
02:16:39.293 | pan-update   |    365.0 |   -359.0 |    0.791 |    0.791 |    0.791
02:16:39.297 | up           |    365.0 |   -359.0 |    0.791 |        - |    0.791
02:16:39.297 | pan-end      |    365.0 |   -359.0 |    0.791 |        - |    0.791
02:16:39.334 | post-up-35ms |    365.0 |   -359.0 |    0.791 |        - |    0.791
================================================================================


================================================================================
SCROLL TRANSACTION TRACE: [SES-1790450199-793] on [TextEdit]
Target: AXTextArea | Scrollbar: AXScrollBar (<AXUIElement 0x7fdb3cca00e0> {pid=11843})
Initial AXValue: 0.791 | Last Requested: 1.000
Value at UP: 1.000 | +35ms: 1.000 | +100ms: 1.000
Coalesced / Skipped writes: 5
Classification: [NORMAL_STABLE]
--------------------------------------------------------------------------------
Timestamp    | Phase        |  FingerY |   DeltaY |   ReqVal |  AXWrite | Readback
--------------------------------------------------------------------------------
02:16:39.569 | down         |    739.9 |     +0.0 |    0.791 |        - |    0.791
02:16:39.619 | pan-start    |    715.2 |    -24.7 |    0.791 |        - |    0.791
02:16:39.627 | pan-update   |    715.2 |    -24.7 |    0.826 |    0.826 |    0.826
02:16:39.664 | pan-update   |    614.7 |   -125.2 |    0.971 |    0.971 |    0.971
02:16:39.688 | pan-update   |    486.6 |   -253.3 |    1.000 |    1.000 |    1.000
02:16:39.745 | up           |    327.7 |   -412.3 |    1.000 |        - |    1.000
02:16:39.745 | pan-end      |    327.7 |   -412.3 |    1.000 |        - |    1.000
02:16:39.781 | post-up-35ms |    327.7 |   -412.3 |    1.000 |        - |    1.000
================================================================================


================================================================================
SCROLL TRANSACTION TRACE: [SES-1790450200-440] on [TextEdit]
Target: AXTextArea | Scrollbar: AXScrollBar (<AXUIElement 0x7fdb3f414330> {pid=11843})
Initial AXValue: 1.000 | Last Requested: 1.000
Value at UP: 1.000 | +35ms: 1.000 | +100ms: 1.000
Coalesced / Skipped writes: 5
Classification: [NORMAL_STABLE]
--------------------------------------------------------------------------------
Timestamp    | Phase        |  FingerY |   DeltaY |   ReqVal |  AXWrite | Readback
--------------------------------------------------------------------------------
02:16:40.096 | down         |    683.0 |     +0.0 |    1.000 |        - |    1.000
02:16:40.147 | pan-start    |    629.7 |    -53.3 |    1.000 |        - |    1.000
02:16:40.225 | up           |    404.6 |   -278.4 |    1.000 |        - |    1.000
02:16:40.226 | pan-end      |    404.6 |   -278.4 |    1.000 |        - |    1.000
02:16:40.261 | post-up-35ms |    404.6 |   -278.4 |    1.000 |        - |    1.000
================================================================================


================================================================================
SCROLL TRANSACTION TRACE: [SES-1790450200-247] on [TextEdit]
Target: AXTextArea | Scrollbar: AXScrollBar (<AXUIElement 0x7fdb36f5d0c0> {pid=11843})
Initial AXValue: 1.000 | Last Requested: 0.738
Value at UP: 0.738 | +35ms: 0.738 | +100ms: 0.738
Coalesced / Skipped writes: 2
Classification: [NORMAL_STABLE]
--------------------------------------------------------------------------------
Timestamp    | Phase        |  FingerY |   DeltaY |   ReqVal |  AXWrite | Readback
--------------------------------------------------------------------------------
02:16:40.450 | down         |    488.1 |     +0.0 |    1.000 |        - |    1.000
02:16:40.467 | pan-start    |    521.6 |    +33.5 |    1.000 |        - |    1.000
02:16:40.473 | pan-update   |    521.6 |    +33.5 |    0.952 |    0.952 |    0.952
02:16:40.513 | pan-update   |    669.2 |   +181.1 |    0.738 |    0.738 |    0.738
02:16:40.529 | up           |    742.5 |   +254.4 |    0.738 |        - |    0.738
02:16:40.529 | pan-end      |    742.5 |   +254.4 |    0.738 |        - |    0.738
02:16:40.565 | post-up-35ms |    742.5 |   +254.4 |    0.738 |        - |    0.738
================================================================================


================================================================================
SCROLL TRANSACTION TRACE: [SES-1790450200-778] on [TextEdit]
Target: AXTextArea | Scrollbar: AXScrollBar (<AXUIElement 0x7fdb3f41ab30> {pid=11843})
Initial AXValue: 0.738 | Last Requested: 0.207
Value at UP: 0.207 | +35ms: 0.207 | +100ms: 0.207
Coalesced / Skipped writes: 3
Classification: [NORMAL_STABLE]
--------------------------------------------------------------------------------
Timestamp    | Phase        |  FingerY |   DeltaY |   ReqVal |  AXWrite | Readback
--------------------------------------------------------------------------------
02:16:40.802 | down         |    495.4 |     +0.0 |    0.738 |        - |    0.738
02:16:40.835 | pan-start    |    517.7 |    +22.3 |    0.738 |        - |    0.738
02:16:40.842 | pan-update   |    517.7 |    +22.3 |    0.706 |    0.706 |    0.706
02:16:40.880 | pan-update   |    615.8 |   +120.4 |    0.564 |    0.564 |    0.564
02:16:40.913 | pan-update   |    757.3 |   +261.9 |    0.360 |    0.360 |    0.360
02:16:40.943 | pan-update   |    862.8 |   +367.4 |    0.207 |    0.207 |    0.207
02:16:40.945 | up           |    862.8 |   +367.4 |    0.207 |        - |    0.207
02:16:40.945 | pan-end      |    862.8 |   +367.4 |    0.207 |        - |    0.207
02:16:40.982 | post-up-35ms |    862.8 |   +367.4 |    0.207 |        - |    0.207
================================================================================


================================================================================
SCROLL TRANSACTION TRACE: [SES-1790450201-191] on [TextEdit]
Target: AXTextArea | Scrollbar: AXScrollBar (<AXUIElement 0x7fdb3cc8e3e0> {pid=11843})
Initial AXValue: 0.207 | Last Requested: 0.000
Value at UP: 0.000 | +35ms: 0.000 | +100ms: 0.000
Coalesced / Skipped writes: 2
Classification: [NORMAL_STABLE]
--------------------------------------------------------------------------------
Timestamp    | Phase        |  FingerY |   DeltaY |   ReqVal |  AXWrite | Readback
--------------------------------------------------------------------------------
02:16:41.295 | down         |    493.1 |     +0.0 |    0.207 |        - |    0.207
02:16:41.332 | pan-start    |    516.6 |    +23.5 |    0.207 |        - |    0.207
02:16:41.338 | pan-update   |    516.6 |    +23.5 |    0.173 |    0.173 |    0.173
02:16:41.374 | pan-update   |    614.8 |   +121.7 |    0.031 |    0.031 |    0.031
02:16:41.402 | pan-update   |    740.1 |   +247.0 |    0.000 |    0.000 |    0.000
02:16:41.409 | up           |    740.1 |   +247.0 |    0.000 |        - |    0.000
02:16:41.409 | pan-end      |    740.1 |   +247.0 |    0.000 |        - |    0.000
02:16:41.445 | post-up-35ms |    740.1 |   +247.0 |    0.000 |        - |    0.000
================================================================================


================================================================================
SCROLL TRANSACTION TRACE: [SES-1790450201-597] on [TextEdit]
Target: AXTextArea | Scrollbar: AXScrollBar (<AXUIElement 0x7fdb3ccaa560> {pid=11843})
Initial AXValue: 0.000 | Last Requested: 0.000
Value at UP: 0.000 | +35ms: 0.000 | +100ms: 0.000
Coalesced / Skipped writes: 8
Classification: [NORMAL_STABLE]
--------------------------------------------------------------------------------
Timestamp    | Phase        |  FingerY |   DeltaY |   ReqVal |  AXWrite | Readback
--------------------------------------------------------------------------------
02:16:41.842 | down         |    555.2 |     +0.0 |    0.000 |        - |    0.000
02:16:41.892 | pan-start    |    586.1 |    +30.9 |    0.000 |        - |    0.000
02:16:42.018 | up           |    866.6 |   +311.4 |    0.000 |        - |    0.000
02:16:42.018 | pan-end      |    866.6 |   +311.4 |    0.000 |        - |    0.000
02:16:42.054 | post-up-35ms |    866.6 |   +311.4 |    0.000 |        - |    0.000
================================================================================


================================================================================
SCROLL TRANSACTION TRACE: [SES-1790450202-256] on [TextEdit]
Target: AXTextArea | Scrollbar: AXScrollBar (<AXUIElement 0x7fdb3ccaaf70> {pid=11843})
Initial AXValue: 0.000 | Last Requested: 0.382
Value at UP: 0.382 | +35ms: 0.382 | +100ms: 0.382
Coalesced / Skipped writes: 3
Classification: [NORMAL_STABLE]
--------------------------------------------------------------------------------
Timestamp    | Phase        |  FingerY |   DeltaY |   ReqVal |  AXWrite | Readback
--------------------------------------------------------------------------------
02:16:42.291 | down         |    693.1 |     +0.0 |    0.000 |        - |    0.000
02:16:42.324 | pan-start    |    661.9 |    -31.2 |    0.000 |        - |    0.000
02:16:42.332 | pan-update   |    661.9 |    -31.2 |    0.045 |    0.045 |    0.045
02:16:42.368 | pan-update   |    544.1 |   -149.0 |    0.215 |    0.215 |    0.215
02:16:42.399 | pan-update   |    428.5 |   -264.6 |    0.382 |    0.382 |    0.382
02:16:42.418 | up           |    389.8 |   -303.3 |    0.382 |        - |    0.382
02:16:42.418 | pan-end      |    389.8 |   -303.3 |    0.382 |        - |    0.382
02:16:42.453 | post-up-35ms |    389.8 |   -303.3 |    0.382 |        - |    0.382
================================================================================


================================================================================
SCROLL TRANSACTION TRACE: [SES-1790450202-193] on [TextEdit]
Target: AXTextArea | Scrollbar: AXScrollBar (<AXUIElement 0x7fdb3ccb9c00> {pid=11843})
Initial AXValue: 0.382 | Last Requested: 0.795
Value at UP: 0.795 | +35ms: 0.795 | +100ms: 0.795
Coalesced / Skipped writes: 3
Classification: [NORMAL_STABLE]
--------------------------------------------------------------------------------
Timestamp    | Phase        |  FingerY |   DeltaY |   ReqVal |  AXWrite | Readback
--------------------------------------------------------------------------------
02:16:42.691 | down         |    694.3 |     +0.0 |    0.382 |        - |    0.382
02:16:42.724 | pan-start    |    655.9 |    -38.4 |    0.382 |        - |    0.382
02:16:42.733 | pan-update   |    655.9 |    -38.4 |    0.438 |    0.438 |    0.438
02:16:42.768 | pan-update   |    534.1 |   -160.2 |    0.614 |    0.614 |    0.614
02:16:42.800 | pan-update   |    408.5 |   -285.8 |    0.795 |    0.795 |    0.795
02:16:42.818 | up           |    367.5 |   -326.8 |    0.795 |        - |    0.795
02:16:42.818 | pan-end      |    367.5 |   -326.8 |    0.795 |        - |    0.795
02:16:42.854 | post-up-35ms |    367.5 |   -326.8 |    0.795 |        - |    0.795
================================================================================


================================================================================
SCROLL TRANSACTION TRACE: [SES-1790450203-473] on [TextEdit]
Target: AXTextArea | Scrollbar: AXScrollBar (<AXUIElement 0x7fdb3ccb4e10> {pid=11843})
Initial AXValue: 0.795 | Last Requested: 1.000
Value at UP: 1.000 | +35ms: 1.000 | +100ms: 1.000
Coalesced / Skipped writes: 2
Classification: [NORMAL_STABLE]
--------------------------------------------------------------------------------
Timestamp    | Phase        |  FingerY |   DeltaY |   ReqVal |  AXWrite | Readback
--------------------------------------------------------------------------------
02:16:43.091 | down         |    638.4 |     +0.0 |    0.795 |        - |    0.795
02:16:43.124 | pan-start    |    604.9 |    -33.5 |    0.795 |        - |    0.795
02:16:43.132 | pan-update   |    604.9 |    -33.5 |    0.844 |    0.844 |    0.844
02:16:43.167 | pan-update   |    485.6 |   -152.8 |    1.000 |    1.000 |    1.000
02:16:43.186 | up           |    421.0 |   -217.4 |    1.000 |        - |    1.000
02:16:43.186 | pan-end      |    421.0 |   -217.4 |    1.000 |        - |    1.000
02:16:43.222 | post-up-35ms |    421.0 |   -217.4 |    1.000 |        - |    1.000
================================================================================


================================================================================
SCROLL TRANSACTION TRACE: [SES-1790450213-348] on [TextEdit]
Target: AXTextArea | Scrollbar: AXScrollBar (<AXUIElement 0x7fdb3f42ae90> {pid=11843})
Initial AXValue: 1.000 | Last Requested: 0.241
Value at UP: 0.241 | +35ms: 0.241 | +100ms: 0.241
Coalesced / Skipped writes: 48
Classification: [NORMAL_STABLE]
--------------------------------------------------------------------------------
Timestamp    | Phase        |  FingerY |   DeltaY |   ReqVal |  AXWrite | Readback
--------------------------------------------------------------------------------
02:16:53.127 | down         |    370.5 |     +0.0 |    1.000 |        - |    1.000
02:16:53.737 | pan-start    |    393.9 |    +23.4 |    1.000 |        - |    1.000
02:16:53.745 | pan-update   |    393.9 |    +23.4 |    0.966 |    0.966 |    0.966
02:16:53.777 | pan-update   |    419.9 |    +49.4 |    0.929 |    0.929 |    0.929
02:16:53.808 | pan-update   |    432.1 |    +61.6 |    0.911 |    0.911 |    0.911
02:16:53.839 | pan-update   |    447.0 |    +76.5 |    0.889 |    0.889 |    0.889
02:16:53.871 | pan-update   |    463.2 |    +92.7 |    0.866 |    0.866 |    0.866
02:16:53.903 | pan-update   |    480.4 |   +109.9 |    0.841 |    0.841 |    0.841
02:16:53.935 | pan-update   |    496.6 |   +126.1 |    0.818 |    0.818 |    0.818
02:16:53.968 | pan-update   |    513.7 |   +143.2 |    0.793 |    0.793 |    0.793
02:16:53.998 | pan-update   |    531.1 |   +160.6 |    0.768 |    0.768 |    0.768
02:16:54.030 | pan-update   |    545.9 |   +175.4 |    0.746 |    0.746 |    0.746
02:16:54.062 | pan-update   |    560.8 |   +190.3 |    0.725 |    0.725 |    0.725
02:16:54.094 | pan-update   |    575.6 |   +205.1 |    0.704 |    0.704 |    0.704
02:16:54.128 | pan-update   |    590.4 |   +219.9 |    0.682 |    0.682 |    0.682
02:16:54.159 | pan-update   |    601.6 |   +231.1 |    0.666 |    0.666 |    0.666
02:16:54.190 | pan-update   |    611.5 |   +241.0 |    0.652 |    0.652 |    0.652
02:16:54.221 | pan-update   |    618.9 |   +248.4 |    0.641 |    0.641 |    0.641
02:16:54.253 | pan-update   |    627.5 |   +257.0 |    0.629 |    0.629 |    0.629
02:16:54.285 | pan-update   |    639.8 |   +269.3 |    0.611 |    0.611 |    0.611
02:16:54.319 | pan-update   |    652.3 |   +281.8 |    0.593 |    0.593 |    0.593
02:16:54.352 | pan-update   |    664.6 |   +294.1 |    0.575 |    0.575 |    0.575
02:16:54.384 | pan-update   |    674.5 |   +304.0 |    0.561 |    0.561 |    0.561
02:16:54.415 | pan-update   |    684.3 |   +313.8 |    0.547 |    0.547 |    0.547
02:16:54.446 | pan-update   |    695.4 |   +324.9 |    0.530 |    0.530 |    0.530
02:16:54.478 | pan-update   |    707.9 |   +337.4 |    0.512 |    0.512 |    0.512
02:16:54.511 | pan-update   |    720.2 |   +349.7 |    0.495 |    0.495 |    0.495
02:16:54.543 | pan-update   |    731.4 |   +360.9 |    0.479 |    0.479 |    0.479
02:16:54.575 | pan-update   |    741.3 |   +370.8 |    0.464 |    0.464 |    0.464
02:16:54.607 | pan-update   |    748.7 |   +378.2 |    0.453 |    0.453 |    0.453
02:16:54.638 | pan-update   |    756.2 |   +385.7 |    0.443 |    0.443 |    0.443
02:16:54.686 | pan-update   |    761.0 |   +390.5 |    0.436 |    0.436 |    0.436
02:16:54.718 | pan-update   |    769.6 |   +399.1 |    0.423 |    0.423 |    0.423
02:16:54.751 | pan-update   |    778.4 |   +408.0 |    0.410 |    0.410 |    0.410
02:16:54.783 | pan-update   |    787.0 |   +416.5 |    0.398 |    0.398 |    0.398
02:16:54.815 | pan-update   |    797.0 |   +426.5 |    0.384 |    0.384 |    0.384
02:16:54.846 | pan-update   |    805.6 |   +435.1 |    0.371 |    0.371 |    0.371
02:16:54.879 | pan-update   |    815.5 |   +445.1 |    0.357 |    0.357 |    0.357
02:16:54.911 | pan-update   |    824.1 |   +453.6 |    0.344 |    0.344 |    0.344
02:16:54.944 | pan-update   |    832.7 |   +462.2 |    0.332 |    0.332 |    0.332
02:16:54.976 | pan-update   |    843.9 |   +473.4 |    0.316 |    0.316 |    0.316
02:16:55.007 | pan-update   |    855.0 |   +484.5 |    0.300 |    0.300 |    0.300
02:16:55.037 | pan-update   |    862.4 |   +491.9 |    0.289 |    0.289 |    0.289
02:16:55.070 | pan-update   |    869.8 |   +499.4 |    0.278 |    0.278 |    0.278
02:16:55.102 | pan-update   |    876.1 |   +505.6 |    0.269 |    0.269 |    0.269
02:16:55.134 | pan-update   |    882.4 |   +511.9 |    0.260 |    0.260 |    0.260
02:16:55.167 | pan-update   |    888.4 |   +517.9 |    0.252 |    0.252 |    0.252
02:16:55.199 | pan-update   |    893.5 |   +523.0 |    0.244 |    0.244 |    0.244
02:16:55.230 | pan-update   |    895.8 |   +525.3 |    0.241 |    0.241 |    0.241
02:16:55.305 | up           |    895.8 |   +525.3 |    0.241 |        - |    0.241
02:16:55.305 | pan-end      |    895.8 |   +525.3 |    0.241 |        - |    0.241
02:16:55.342 | post-up-35ms |    895.8 |   +525.3 |    0.241 |        - |    0.241
================================================================================


================================================================================
SCROLL TRANSACTION TRACE: [SES-1790450215-248] on [TextEdit]
Target: AXTextArea | Scrollbar: AXScrollBar (<AXUIElement 0x7fdb3ccaf900> {pid=11843})
Initial AXValue: 0.241 | Last Requested: 1.000
Value at UP: 1.000 | +35ms: 1.000 | +100ms: 1.000
Coalesced / Skipped writes: 8
Classification: [NORMAL_STABLE]
--------------------------------------------------------------------------------
Timestamp    | Phase        |  FingerY |   DeltaY |   ReqVal |  AXWrite | Readback
--------------------------------------------------------------------------------
02:16:55.559 | down         |    709.2 |     +0.0 |    0.241 |        - |    0.241
02:16:55.609 | pan-start    |    670.8 |    -38.4 |    0.241 |        - |    0.241
02:16:55.618 | pan-update   |    670.8 |    -38.4 |    0.296 |    0.296 |    0.296
02:16:55.651 | pan-update   |    585.2 |   -124.0 |    0.420 |    0.420 |    0.420
02:16:55.682 | pan-update   |    519.4 |   -189.9 |    0.515 |    0.515 |    0.515
02:16:55.713 | pan-update   |    462.4 |   -246.9 |    0.598 |    0.598 |    0.598
02:16:55.745 | pan-update   |    412.6 |   -296.7 |    0.670 |    0.670 |    0.670
02:16:55.778 | pan-update   |    366.7 |   -342.5 |    0.736 |    0.736 |    0.736
02:16:55.810 | pan-update   |    312.0 |   -397.3 |    0.815 |    0.815 |    0.815
02:16:55.843 | pan-update   |    240.1 |   -469.2 |    0.919 |    0.919 |    0.919
02:16:55.872 | pan-update   |    176.7 |   -532.5 |    1.000 |    1.000 |    1.000
02:16:55.880 | up           |    176.7 |   -532.5 |    1.000 |        - |    1.000
02:16:55.880 | pan-end      |    176.7 |   -532.5 |    1.000 |        - |    1.000
02:16:55.915 | post-up-35ms |    176.7 |   -532.5 |    1.000 |        - |    1.000
================================================================================


================================================================================
SCROLL TRANSACTION TRACE: [SES-1790450216-580] on [TextEdit]
Target: AXTextArea | Scrollbar: AXScrollBar (<AXUIElement 0x7fdb3f4212b0> {pid=11843})
Initial AXValue: 1.000 | Last Requested: 0.389
Value at UP: 0.389 | +35ms: 0.389 | +100ms: 0.389
Coalesced / Skipped writes: 3
Classification: [NORMAL_STABLE]
--------------------------------------------------------------------------------
Timestamp    | Phase        |  FingerY |   DeltaY |   ReqVal |  AXWrite | Readback
--------------------------------------------------------------------------------
02:16:56.391 | down         |    419.9 |     +0.0 |    1.000 |        - |    1.000
02:16:56.441 | pan-start    |    457.1 |    +37.2 |    1.000 |        - |    1.000
02:16:56.449 | pan-update   |    457.1 |    +37.2 |    0.946 |    0.946 |    0.946
02:16:56.485 | pan-update   |    566.4 |   +146.5 |    0.788 |    0.788 |    0.788
02:16:56.519 | pan-update   |    707.8 |   +287.9 |    0.584 |    0.584 |    0.584
02:16:56.549 | pan-update   |    842.7 |   +422.8 |    0.389 |    0.389 |    0.389
02:16:56.551 | up           |    842.7 |   +422.8 |    0.389 |        - |    0.389
02:16:56.551 | pan-end      |    842.7 |   +422.8 |    0.389 |        - |    0.389
02:16:56.587 | post-up-35ms |    842.7 |   +422.8 |    0.389 |        - |    0.389
================================================================================


================================================================================
SCROLL TRANSACTION TRACE: [SES-1790450217-257] on [TextEdit]
Target: AXTextArea | Scrollbar: AXScrollBar (<AXUIElement 0x7fdb3f42b160> {pid=11843})
Initial AXValue: 0.389 | Last Requested: 0.906
Value at UP: 0.906 | +35ms: 0.906 | +100ms: 0.906
Coalesced / Skipped writes: 3
Classification: [NORMAL_STABLE]
--------------------------------------------------------------------------------
Timestamp    | Phase        |  FingerY |   DeltaY |   ReqVal |  AXWrite | Readback
--------------------------------------------------------------------------------
02:16:57.159 | down         |    630.8 |     +0.0 |    0.389 |        - |    0.389
02:16:57.209 | pan-start    |    576.1 |    -54.7 |    0.389 |        - |    0.389
02:16:57.219 | pan-update   |    576.1 |    -54.7 |    0.468 |    0.468 |    0.468
02:16:57.255 | pan-update   |    440.9 |   -189.9 |    0.663 |    0.663 |    0.663
02:16:57.288 | pan-update   |    273.2 |   -357.6 |    0.906 |    0.906 |    0.906
02:16:57.304 | up           |    213.6 |   -417.2 |    0.906 |        - |    0.906
02:16:57.304 | pan-end      |    213.6 |   -417.2 |    0.906 |        - |    0.906
02:16:57.340 | post-up-35ms |    213.6 |   -417.2 |    0.906 |        - |    0.906
================================================================================


================================================================================
SCROLL TRANSACTION TRACE: [SES-1790450217-747] on [TextEdit]
Target: AXTextArea | Scrollbar: AXScrollBar (<AXUIElement 0x7fdb3ccca5b0> {pid=11843})
Initial AXValue: 0.906 | Last Requested: 0.000
Value at UP: 0.000 | +35ms: 0.000 | +100ms: 0.000
Coalesced / Skipped writes: 17
Classification: [NORMAL_STABLE]
--------------------------------------------------------------------------------
Timestamp    | Phase        |  FingerY |   DeltaY |   ReqVal |  AXWrite | Readback
--------------------------------------------------------------------------------
02:16:57.878 | down         |    407.4 |     +0.0 |    0.906 |        - |    0.906
02:16:58.777 | pan-start    |    436.0 |    +28.6 |    0.906 |        - |    0.906
02:16:58.785 | pan-update   |    436.0 |    +28.6 |    0.864 |    0.864 |    0.864
02:16:58.817 | pan-update   |    486.7 |    +79.3 |    0.791 |    0.791 |    0.791
02:16:58.851 | pan-update   |    568.6 |   +161.1 |    0.673 |    0.673 |    0.673
02:16:58.881 | pan-update   |    626.9 |   +219.5 |    0.589 |    0.589 |    0.589
02:16:58.914 | pan-update   |    686.5 |   +279.0 |    0.503 |    0.503 |    0.503
02:16:58.945 | pan-update   |    737.4 |   +329.9 |    0.429 |    0.429 |    0.429
02:16:58.978 | pan-update   |    785.7 |   +378.3 |    0.359 |    0.359 |    0.359
02:16:59.011 | pan-update   |    839.0 |   +431.5 |    0.282 |    0.282 |    0.282
02:16:59.041 | pan-update   |    888.5 |   +481.0 |    0.211 |    0.211 |    0.211
02:16:59.073 | pan-update   |    929.4 |   +522.0 |    0.151 |    0.151 |    0.151
02:16:59.104 | pan-update   |    958.0 |   +550.5 |    0.110 |    0.110 |    0.110
02:16:59.137 | pan-update   |    995.2 |   +587.7 |    0.056 |    0.056 |    0.056
02:16:59.169 | pan-update   |   1018.7 |   +611.2 |    0.022 |    0.022 |    0.022
02:16:59.198 | pan-update   |   1034.9 |   +627.5 |    0.000 |    0.000 |    0.000
02:16:59.272 | up           |   1110.5 |   +703.1 |    0.000 |        - |    0.000
02:16:59.272 | pan-end      |   1110.5 |   +703.1 |    0.000 |        - |    0.000
02:16:59.309 | post-up-35ms |   1110.5 |   +703.1 |    0.000 |        - |    0.000
================================================================================


================================================================================
SCROLL TRANSACTION TRACE: [SES-1790450225-783] on [TextEdit]
Target: AXTextArea | Scrollbar: AXScrollBar (<AXUIElement 0x7fdb3f419e50> {pid=11843})
Initial AXValue: 0.000 | Last Requested: 0.000
Value at UP: 0.000 | +35ms: 0.000 | +100ms: 0.000
Coalesced / Skipped writes: 30
Classification: [NORMAL_STABLE]
--------------------------------------------------------------------------------
Timestamp    | Phase        |  FingerY |   DeltaY |   ReqVal |  AXWrite | Readback
--------------------------------------------------------------------------------
02:17:05.862 | down         |    256.4 |     +0.0 |    0.000 |        - |    0.000
02:17:06.409 | pan-start    |    260.1 |     +3.6 |    0.000 |        - |    0.000
02:17:06.921 | up           |    699.6 |   +443.1 |    0.000 |        - |    0.000
02:17:06.921 | pan-end      |    699.6 |   +443.1 |    0.000 |        - |    0.000
02:17:06.956 | post-up-35ms |    699.6 |   +443.1 |    0.000 |        - |    0.000
================================================================================


================================================================================
SCROLL TRANSACTION TRACE: [SES-1790450235-777] on [Finder]
Target: AXValueIndicator | Scrollbar: AXScrollBar (<AXUIElement 0x7fdb36f35e40> {pid=511})
Initial AXValue: 0.000 | Last Requested: 0.000
Value at UP: 0.000 | +35ms: 0.000 | +100ms: 0.000
Coalesced / Skipped writes: 18
Classification: [NORMAL_STABLE]
--------------------------------------------------------------------------------
Timestamp    | Phase        |  FingerY |   DeltaY |   ReqVal |  AXWrite | Readback
--------------------------------------------------------------------------------
02:17:15.093 | down         |    402.0 |     +0.0 |    0.000 |        - |    0.000
02:17:15.303 | pan-start    |    420.6 |    +18.6 |    0.000 |        - |    0.000
02:17:15.654 | up           |    616.3 |   +214.3 |    0.000 |        - |    0.000
02:17:15.654 | pan-end      |    616.3 |   +214.3 |    0.000 |        - |    0.000
02:17:15.692 | post-up-35ms |    616.3 |   +214.3 |    0.000 |        - |    0.000
================================================================================


================================================================================
SCROLL TRANSACTION TRACE: [SES-1790450237-837] on [Finder]
Target: AXValueIndicator | Scrollbar: AXScrollBar (<AXUIElement 0x7fdb37f36b00> {pid=511})
Initial AXValue: 0.000 | Last Requested: 0.000
Value at UP: 0.000 | +35ms: 0.000 | +100ms: 0.000
Coalesced / Skipped writes: 12
Classification: [NORMAL_STABLE]
--------------------------------------------------------------------------------
Timestamp    | Phase        |  FingerY |   DeltaY |   ReqVal |  AXWrite | Readback
--------------------------------------------------------------------------------
02:17:17.894 | down         |    369.7 |     +0.0 |    0.000 |        - |    0.000
02:17:18.119 | pan-start    |    416.9 |    +47.2 |    0.000 |        - |    0.000
02:17:18.358 | up           |    486.1 |   +116.5 |    0.000 |        - |    0.000
02:17:18.358 | pan-end      |    486.1 |   +116.5 |    0.000 |        - |    0.000
02:17:18.395 | post-up-35ms |    486.1 |   +116.5 |    0.000 |        - |    0.000
================================================================================


